Experiment,Start,End,Index
0to0_1,0,0,1
0to0_2,0,0,2
0to0_3,0,0,3
0to0_4,0,0,4
0to0_5,0,0,5
0to0_6,0,0,6
0to0_7,0,0,7
0to0_8,0,0,8
0to0_9,0,0,9
0to0_10,0,0,10
0to0_11,0,0,11
0to0_12,0,0,12
0to0_13,0,0,13
0to0_14,0,0,14
0to0_15,0,0,15
0to0_16,0,0,16
0to0_17,0,0,17
0to0_18,0,0,18
0to0_19,0,0,19
0to0_20,0,0,20
0to0_21,0,0,21
0to0_22,0,0,22
0to0_23,0,0,23
0to0_24,0,0,24
0to0_25,0,0,25
0to0_26,0,0,26
0to0_27,0,0,27
0to0_28,0,0,28
0to0_29,0,0,29
0to0_30,0,0,30
0to0_31,0,0,31
0to0_32,0,0,32
0to50_1,0,50,1
0to50_2,0,50,2
0to50_3,0,50,3
0to50_4,0,50,4
0to50_5,0,50,5
0to50_6,0,50,6
0to50_7,0,50,7
0to50_8,0,50,8
0to50_9,0,50,9
0to50_10,0,50,10
0to50_11,0,50,11
0to50_12,0,50,12
0to50_13,0,50,13
0to50_14,0,50,14
0to50_15,0,50,15
0to50_16,0,50,16
0to50_17,0,50,17
0to50_18,0,50,18
0to50_19,0,50,19
0to50_20,0,50,20
0to50_21,0,50,21
0to50_22,0,50,22
0to50_23,0,50,23
0to50_24,0,50,24
0to50_25,0,50,25
0to50_26,0,50,26
0to50_27,0,50,27
0to50_28,0,50,28
0to50_29,0,50,29
0to50_30,0,50,30
0to50_31,0,50,31
0to50_32,0,50,32
50to100_1,50,100,1
50to100_2,50,100,2
50to100_3,50,100,3
50to100_4,50,100,4
50to100_5,50,100,5
50to100_6,50,100,6
50to100_7,50,100,7
50to100_8,50,100,8
50to100_9,50,100,9
50to100_10,50,100,10
50to100_11,50,100,11
50to100_12,50,100,12
50to100_13,50,100,13
50to100_14,50,100,14
50to100_15,50,100,15
50to100_16,50,100,16
50to100_17,50,100,17
50to100_18,50,100,18
50to100_19,50,100,19
50to100_20,50,100,20
50to100_21,50,100,21
50to100_22,50,100,22
50to100_23,50,100,23
50to100_24,50,100,24
50to100_25,50,100,25
50to100_26,50,100,26
50to100_27,50,100,27
50to100_28,50,100,28
50to100_29,50,100,29
50to100_30,50,100,30
50to100_31,50,100,31
50to100_32,50,100,32
100to150_1,100,150,1
100to150_2,100,150,2
100to150_3,100,150,3
100to150_4,100,150,4
100to150_5,100,150,5
100to150_6,100,150,6
100to150_7,100,150,7
100to150_8,100,150,8
100to150_9,100,150,9
100to150_10,100,150,10
100to150_11,100,150,11
100to150_12,100,150,12
100to150_13,100,150,13
100to150_14,100,150,14
100to150_15,100,150,15
100to150_16,100,150,16
100to150_17,100,150,17
100to150_18,100,150,18
100to150_19,100,150,19
100to150_20,100,150,20
100to150_21,100,150,21
100to150_22,100,150,22
100to150_23,100,150,23
100to150_24,100,150,24
100to150_25,100,150,25
100to150_26,100,150,26
100to150_27,100,150,27
100to150_28,100,150,28
100to150_29,100,150,29
100to150_30,100,150,30
100to150_31,100,150,31
100to150_32,100,150,32
150to200_1,150,200,1
150to200_2,150,200,2
150to200_3,150,200,3
150to200_4,150,200,4
150to200_5,150,200,5
150to200_6,150,200,6
150to200_7,150,200,7
150to200_8,150,200,8
150to200_9,150,200,9
150to200_10,150,200,10
150to200_11,150,200,11
150to200_12,150,200,12
150to200_13,150,200,13
150to200_14,150,200,14
150to200_15,150,200,15
150to200_16,150,200,16
150to200_17,150,200,17
150to200_18,150,200,18
150to200_19,150,200,19
150to200_20,150,200,20
150to200_21,150,200,21
150to200_22,150,200,22
150to200_23,150,200,23
150to200_24,150,200,24
150to200_25,150,200,25
150to200_26,150,200,26
150to200_27,150,200,27
150to200_28,150,200,28
150to200_29,150,200,29
150to200_30,150,200,30
150to200_31,150,200,31
150to200_32,150,200,32
200to250_1,200,250,1
200to250_2,200,250,2
200to250_3,200,250,3
200to250_4,200,250,4
200to250_5,200,250,5
200to250_6,200,250,6
200to250_7,200,250,7
200to250_8,200,250,8
200to250_9,200,250,9
200to250_10,200,250,10
200to250_11,200,250,11
200to250_12,200,250,12
200to250_13,200,250,13
200to250_14,200,250,14
200to250_15,200,250,15
200to250_16,200,250,16
200to250_17,200,250,17
200to250_18,200,250,18
200to250_19,200,250,19
200to250_20,200,250,20
200to250_21,200,250,21
200to250_22,200,250,22
200to250_23,200,250,23
200to250_24,200,250,24
200to250_25,200,250,25
200to250_26,200,250,26
200to250_27,200,250,27
200to250_28,200,250,28
200to250_29,200,250,29
200to250_30,200,250,30
200to250_31,200,250,31
200to250_32,200,250,32
250to300_1,250,300,1
250to300_2,250,300,2
250to300_3,250,300,3
250to300_4,250,300,4
250to300_5,250,300,5
250to300_6,250,300,6
250to300_7,250,300,7
250to300_8,250,300,8
250to300_9,250,300,9
250to300_10,250,300,10
250to300_11,250,300,11
250to300_12,250,300,12
250to300_13,250,300,13
250to300_14,250,300,14
250to300_15,250,300,15
250to300_16,250,300,16
250to300_17,250,300,17
250to300_18,250,300,18
250to300_19,250,300,19
250to300_20,250,300,20
250to300_21,250,300,21
250to300_22,250,300,22
250to300_23,250,300,23
250to300_24,250,300,24
250to300_25,250,300,25
250to300_26,250,300,26
250to300_27,250,300,27
250to300_28,250,300,28
250to300_29,250,300,29
250to300_30,250,300,30
250to300_31,250,300,31
250to300_32,250,300,32
300to350_1,300,350,1
300to350_2,300,350,2
300to350_3,300,350,3
300to350_4,300,350,4
300to350_5,300,350,5
300to350_6,300,350,6
300to350_7,300,350,7
300to350_8,300,350,8
300to350_9,300,350,9
300to350_10,300,350,10
300to350_11,300,350,11
300to350_12,300,350,12
300to350_13,300,350,13
300to350_14,300,350,14
300to350_15,300,350,15
300to350_16,300,350,16
300to350_17,300,350,17
300to350_18,300,350,18
300to350_19,300,350,19
300to350_20,300,350,20
300to350_21,300,350,21
300to350_22,300,350,22
300to350_23,300,350,23
300to350_24,300,350,24
300to350_25,300,350,25
300to350_26,300,350,26
300to350_27,300,350,27
300to350_28,300,350,28
300to350_29,300,350,29
300to350_30,300,350,30
300to350_31,300,350,31
300to350_32,300,350,32
350to400_1,350,400,1
350to400_2,350,400,2
350to400_3,350,400,3
350to400_4,350,400,4
350to400_5,350,400,5
350to400_6,350,400,6
350to400_7,350,400,7
350to400_8,350,400,8
350to400_9,350,400,9
350to400_10,350,400,10
350to400_11,350,400,11
350to400_12,350,400,12
350to400_13,350,400,13
350to400_14,350,400,14
350to400_15,350,400,15
350to400_16,350,400,16
350to400_17,350,400,17
350to400_18,350,400,18
350to400_19,350,400,19
350to400_20,350,400,20
350to400_21,350,400,21
350to400_22,350,400,22
350to400_23,350,400,23
350to400_24,350,400,24
350to400_25,350,400,25
350to400_26,350,400,26
350to400_27,350,400,27
350to400_28,350,400,28
350to400_29,350,400,29
350to400_30,350,400,30
350to400_31,350,400,31
350to400_32,350,400,32
400to450_1,400,450,1
400to450_2,400,450,2
400to450_3,400,450,3
400to450_4,400,450,4
400to450_5,400,450,5
400to450_6,400,450,6
400to450_7,400,450,7
400to450_8,400,450,8
400to450_9,400,450,9
400to450_10,400,450,10
400to450_11,400,450,11
400to450_12,400,450,12
400to450_13,400,450,13
400to450_14,400,450,14
400to450_15,400,450,15
400to450_16,400,450,16
400to450_17,400,450,17
400to450_18,400,450,18
400to450_19,400,450,19
400to450_20,400,450,20
400to450_21,400,450,21
400to450_22,400,450,22
400to450_23,400,450,23
400to450_24,400,450,24
400to450_25,400,450,25
400to450_26,400,450,26
400to450_27,400,450,27
400to450_28,400,450,28
400to450_29,400,450,29
400to450_30,400,450,30
400to450_31,400,450,31
400to450_32,400,450,32
450to500_1,450,500,1
450to500_2,450,500,2
450to500_3,450,500,3
450to500_4,450,500,4
450to500_5,450,500,5
450to500_6,450,500,6
450to500_7,450,500,7
450to500_8,450,500,8
450to500_9,450,500,9
450to500_10,450,500,10
450to500_11,450,500,11
450to500_12,450,500,12
450to500_13,450,500,13
450to500_14,450,500,14
450to500_15,450,500,15
450to500_16,450,500,16
450to500_17,450,500,17
450to500_18,450,500,18
450to500_19,450,500,19
450to500_20,450,500,20
450to500_21,450,500,21
450to500_22,450,500,22
450to500_23,450,500,23
450to500_24,450,500,24
450to500_25,450,500,25
450to500_26,450,500,26
450to500_27,450,500,27
450to500_28,450,500,28
450to500_29,450,500,29
450to500_30,450,500,30
450to500_31,450,500,31
450to500_32,450,500,32
500to550_1,500,550,1
500to550_2,500,550,2
500to550_3,500,550,3
500to550_4,500,550,4
500to550_5,500,550,5
500to550_6,500,550,6
500to550_7,500,550,7
500to550_8,500,550,8
500to550_9,500,550,9
500to550_10,500,550,10
500to550_11,500,550,11
500to550_12,500,550,12
500to550_13,500,550,13
500to550_14,500,550,14
500to550_15,500,550,15
500to550_16,500,550,16
500to550_17,500,550,17
500to550_18,500,550,18
500to550_19,500,550,19
500to550_20,500,550,20
500to550_21,500,550,21
500to550_22,500,550,22
500to550_23,500,550,23
500to550_24,500,550,24
500to550_25,500,550,25
500to550_26,500,550,26
500to550_27,500,550,27
500to550_28,500,550,28
500to550_29,500,550,29
500to550_30,500,550,30
500to550_31,500,550,31
500to550_32,500,550,32
550to600_1,550,600,1
550to600_2,550,600,2
550to600_3,550,600,3
550to600_4,550,600,4
550to600_5,550,600,5
550to600_6,550,600,6
550to600_7,550,600,7
550to600_8,550,600,8
550to600_9,550,600,9
550to600_10,550,600,10
550to600_11,550,600,11
550to600_12,550,600,12
550to600_13,550,600,13
550to600_14,550,600,14
550to600_15,550,600,15
550to600_16,550,600,16
550to600_17,550,600,17
550to600_18,550,600,18
550to600_19,550,600,19
550to600_20,550,600,20
550to600_21,550,600,21
550to600_22,550,600,22
550to600_23,550,600,23
550to600_24,550,600,24
550to600_25,550,600,25
550to600_26,550,600,26
550to600_27,550,600,27
550to600_28,550,600,28
550to600_29,550,600,29
550to600_30,550,600,30
550to600_31,550,600,31
550to600_32,550,600,32
600to650_1,600,650,1
600to650_2,600,650,2
600to650_3,600,650,3
600to650_4,600,650,4
600to650_5,600,650,5
600to650_6,600,650,6
600to650_7,600,650,7
600to650_8,600,650,8
600to650_9,600,650,9
600to650_10,600,650,10
600to650_11,600,650,11
600to650_12,600,650,12
600to650_13,600,650,13
600to650_14,600,650,14
600to650_15,600,650,15
600to650_16,600,650,16
600to650_17,600,650,17
600to650_18,600,650,18
600to650_19,600,650,19
600to650_20,600,650,20
600to650_21,600,650,21
600to650_22,600,650,22
600to650_23,600,650,23
600to650_24,600,650,24
600to650_25,600,650,25
600to650_26,600,650,26
600to650_27,600,650,27
600to650_28,600,650,28
600to650_29,600,650,29
600to650_30,600,650,30
600to650_31,600,650,31
600to650_32,600,650,32
650to700_1,650,700,1
650to700_2,650,700,2
650to700_3,650,700,3
650to700_4,650,700,4
650to700_5,650,700,5
650to700_6,650,700,6
650to700_7,650,700,7
650to700_8,650,700,8
650to700_9,650,700,9
650to700_10,650,700,10
650to700_11,650,700,11
650to700_12,650,700,12
650to700_13,650,700,13
650to700_14,650,700,14
650to700_15,650,700,15
650to700_16,650,700,16
650to700_17,650,700,17
650to700_18,650,700,18
650to700_19,650,700,19
650to700_20,650,700,20
650to700_21,650,700,21
650to700_22,650,700,22
650to700_23,650,700,23
650to700_24,650,700,24
650to700_25,650,700,25
650to700_26,650,700,26
650to700_27,650,700,27
650to700_28,650,700,28
650to700_29,650,700,29
650to700_30,650,700,30
650to700_31,650,700,31
650to700_32,650,700,32
700to800_1,700,800,1
700to800_2,700,800,2
700to800_3,700,800,3
700to800_4,700,800,4
700to800_5,700,800,5
700to800_6,700,800,6
700to800_7,700,800,7
700to800_8,700,800,8
700to800_9,700,800,9
700to800_10,700,800,10
700to800_11,700,800,11
700to800_12,700,800,12
700to800_13,700,800,13
700to800_14,700,800,14
700to800_15,700,800,15
700to800_16,700,800,16
700to800_17,700,800,17
700to800_18,700,800,18
700to800_19,700,800,19
700to800_20,700,800,20
700to800_21,700,800,21
700to800_22,700,800,22
700to800_23,700,800,23
700to800_24,700,800,24
700to800_25,700,800,25
700to800_26,700,800,26
700to800_27,700,800,27
700to800_28,700,800,28
700to800_29,700,800,29
700to800_30,700,800,30
700to800_31,700,800,31
700to800_32,700,800,32
800to900_1,800,900,1
800to900_2,800,900,2
800to900_3,800,900,3
800to900_4,800,900,4
800to900_5,800,900,5
800to900_6,800,900,6
800to900_7,800,900,7
800to900_8,800,900,8
800to900_9,800,900,9
800to900_10,800,900,10
800to900_11,800,900,11
800to900_12,800,900,12
800to900_13,800,900,13
800to900_14,800,900,14
800to900_15,800,900,15
800to900_16,800,900,16
800to900_17,800,900,17
800to900_18,800,900,18
800to900_19,800,900,19
800to900_20,800,900,20
800to900_21,800,900,21
800to900_22,800,900,22
800to900_23,800,900,23
800to900_24,800,900,24
800to900_25,800,900,25
800to900_26,800,900,26
800to900_27,800,900,27
800to900_28,800,900,28
800to900_29,800,900,29
800to900_30,800,900,30
800to900_31,800,900,31
800to900_32,800,900,32
900to1000_1,900,1000,1
900to1000_2,900,1000,2
900to1000_3,900,1000,3
900to1000_4,900,1000,4
900to1000_5,900,1000,5
900to1000_6,900,1000,6
900to1000_7,900,1000,7
900to1000_8,900,1000,8
900to1000_9,900,1000,9
900to1000_10,900,1000,10
900to1000_11,900,1000,11
900to1000_12,900,1000,12
900to1000_13,900,1000,13
900to1000_14,900,1000,14
900to1000_15,900,1000,15
900to1000_16,900,1000,16
900to1000_17,900,1000,17
900to1000_18,900,1000,18
900to1000_19,900,1000,19
900to1000_20,900,1000,20
900to1000_21,900,1000,21
900to1000_22,900,1000,22
900to1000_23,900,1000,23
900to1000_24,900,1000,24
900to1000_25,900,1000,25
900to1000_26,900,1000,26
900to1000_27,900,1000,27
900to1000_28,900,1000,28
900to1000_29,900,1000,29
900to1000_30,900,1000,30
900to1000_31,900,1000,31
900to1000_32,900,1000,32