Metal,M9 cells Free [Metal] (M) [2],LB cells Free [Metal] (M) [3],M9 [Metal] buffered (M) [11],M9 [Metal] buffered STD (M) [11],Glutathione,Cysteine,Histidine,GSSG,Asp,Methionine,Alanine,Leucine,Valine,Glycine,Tryptophan,ATP,Citrate
Mg(II),0.0027 [23],1E-3 [24],"2.98E-2 [23], [22]",2.29E-3 [23],,"2.75 [25], [26]",,,"2.4 [25], [26]",,"1.96 [25], [26]",,,"1.66 [25], [26]",,"4.03 [25], [26]","3.44 [25], [26]"
Mn (II),2.08E-06,7.00E-06,1.40E-06,7.00E-07,2.7 [1],"4.75 [25], [26]","3.24 [25], [26]",,3.91 [13],"2.77 [25], [26]","2.43 [25], [26]","2.3 [25], [26], [5]",2.84 [5],"2.27 [25], [26]","2.54 [25], [26]","4.79 [25], [26], [9]","3.79 [25], [26], [7]"
Fe (II),6.18E-08,1.90E-06,8.00E-05,2.00E-05,"5.1 [25], [26], [1]",6.2 [1],5.883093359 [6],,"4.34 [25], [26]","3.24 [25], [26]","3.54 [25], [26]","3.42 [25], [26]",6.8 ML2 [ 15],,,5.18 [10],4.56 [17]
Co (II),2.42E-10,7.00E-11,,,,"8.14 [25], [26]","6.7 [25], [26]",,"5.9 [25], [26]","4.17 [25], [26]","4.32 [25], [26], [5]",4.49 [5],8.24 ML2 [15],"4.64 [25], [26]","4.47 [25], [26], [5]","4.6 [25], [26]","4.9 [25], [26], [7]"
Ni (II),2.56E-12,1.30E-13,1.50E-05,2.00E-06,"7.37 [25], [26]","9.6 [25], [26]","8.43 [25], [26], [4]","9.08 [4], [16]","7.16 [25], [26], [4]","5.27 [25], [26]","5.2 [25], [26]","5.33 [25], [26]",,"5.59 [25], [26]","5.35 [25], [26]","4.86 [25], [26], [4]","5.3 [25], [26], [7]"
Cu (I),1.46E-20,4.50E-20,1.00E-05,2.00E-06,11.6 [21],11.1 [21],"9.82 [25], [26]","13.37 [25], [26]","8.75 [25], [26], [13]","7.68 [25], [26], [5]","7.95 [25], [26], [5]","7.00 [5], 15.174 [14]","7.97 [25], [26], [5]","7.99 [25], [26], [5]","8.01 [25], [26], [5]","6.34 [25], [26]","8.22 [25], [26]"
Zn (II),1.04E-11,9.40E-12,1.30E-05,3.00E-06,"7.98 [25], [26]","9.11 [25], [26]","6.35  [25], [26]",7.60 [16],"5.82 [25], [26], [13]","4.3 [25], [26], [5]",5.16 [5],4.92 [5],"4.51 [25], [26], [5]","4.87 [25], [26], [5]","4.54 [25], [26], [5]","5.16 [25], [26]","4.64 [25], [26],[18]"
,,,,,,,,,,,,,,,,,
,,,,,,,,,,,,,,,,,
"[1] Hider RC, Kong XL. Glutathione: a key component of the cytoplasmic labile iron pool. Biometals. 2011 Dec;24(6):1179-87. doi: 10.1007/s10534-011-9476-8. Epub 2011 Jul 17. PMID: 21769609.",,,,,,,,,,,,,,,,,
"[2] Sophie E. Clough, Arthur Glasfeld, Nigel J. Robinson
bioRxiv 2025.02.20.639248; doi: https://doi.org/10.1101/2025.02.20.639248",,,,,,,,,,,,,,,,,
"[3] Foster AW, Clough SE, Aki Z, Young TR, Clarke AR, Robinson NJ. Metalation calculators for E. coli strain JM109 (DE3): aerobic, anaerobic, and hydrogen peroxide exposed cells cultured in LB media. Metallomics. 2022 Sep 1;14(9):mfac058. doi: 10.1093/mtomcs/mfac058. PMID: 35933161; PMCID: PMC9434800.",,,,,,,,,,,,,,,,,
"[4] Brawley HN, Lindahl PA. Direct Detection of the Labile Nickel Pool in Escherichia coli: New Perspectives on Labile Metal Pools. J Am Chem Soc. 2021 Nov 10;143(44):18571-18580. doi: 10.1021/jacs.1c08213. Epub 2021 Nov 1. PMID: 34723500; PMCID: PMC8968725.",,,,,,,,,,,,,,,,,
"[5] S. A. A. Sajadi , ""Complex Bilding Behavior of L-Tryptophan and Related Amino Acids, a Comparative Investigation"", American Journal of Chemistry, Vol. 1 No. 2, 2011, pp. 60-64. doi: 10.5923/j.chemistry.20110102.13.",,,,,,,,,,,,,,,,,
[6] Williams DR (1970) Stability constants and thermodynamic parameters for Mn(II) Fe(II) Co(II) Ni(II) Cu(II) Zn(II) with histidine and tryptophan. J Chem Soc A 1550-1555,,,,,,,,,,,,,,,,,
"[7] Bastug,, A.Seza, Gokturk,, Sinem and Sismanoglu,, Tuba. ""1:1 Binary Complexes of Citric Acid with Some Metal Ions: Stability and Thermodynamic Parameters"" Reviews in Inorganic Chemistry, vol. 27, no. 1, 2007, pp. 53-65. https://doi.org/10.1515/REVIC.2007.27.1.53",,,,,,,,,,,,,,,,,
"[9] Perrin DD, Sharma VS. The stability constants of metal-adenosine triphosphate complexes. Biochim Biophys Acta. 1966 Sep 26;127(1):35-41. doi: 10.1016/0304-4165(66)90472-7. PMID: 5970889.",,,,,,,,,,,,,,,,,
"[10]Richter Y, Fischer B. Characterization and elucidation of coordination requirements of adenine nucleotides complexes with Fe(II) ions. Nucleosides Nucleotides Nucleic Acids. 2003 Sep;22(9):1757-80. doi: 10.1081/NCN-120023271. PMID: 14533880.",,,,,,,,,,,,,,,,,
"[11] Brawley HN, Lindahl PA. Low-molecular-mass labile metal pools in Escherichia coli: advances using chromatography and mass spectrometry. J Biol Inorg Chem. 2021 Jun;26(4):479-494. doi: 10.1007/s00775-021-01864-w. Epub 2021 May 8. PMID: 33963934; PMCID: PMC8205893.",,,,,,,,,,,,,,,,,
"[13] Sajadi, S. (2010) Metal ion–binding properties of the L-aspartic acid and tartaric acid, a coparative investigation. How can be increased the dosage of mineral absorption in the body. Advances in Bioscience and Biotechnology, 1, 354-360. doi: 10.4236/abb.2010.14047.",,,,,,,,,,,,,,,,,
"[14] Jaime M. Murphy, Brian A. Powell, Julia L. Brumaghim, Stability constants of bio-relevant, redox-active metals with amino acids: The challenges of weakly binding ligands, Coordination Chemistry Reviews, Volume 412, 2020, 213253, ISSN 0010-8545, https://doi.org/10.1016/j.ccr.2020.213253.",,,,,,,,,,,,,,,,,
"[15] Milicevic A, Branica G, Raos N. Irving-Williams order in the framework of connectivity index ³χv enables simultaneous prediction of stability constants of bivalent transition metal complexes. Molecules. 2011 Jan 26;16(2):1103-12. doi: 10.3390/molecules16021103. PMID: 21270730; PMCID: PMC6259637.",,,,,,,,,,,,,,,,,
"[16] Krezel A, Bal W. Studies of zinc(II) and nickel(II) complexes of GSH, GSSG and their analogs shed more light on their biological relevance. Bioinorg Chem Appl. 2004;2(3-4):293-305. doi: 10.1155/S1565363304000172. PMID: 18365081; PMCID: PMC2267084.",,,,,,,,,,,,,,,,,
"[17] Terrence B. Field, Janet L. McCourt, and W. A. E. McBryde. 1974. Composition and Stability of Iron and Copper Citrate Complexes in Aqueous Solution. Canadian Journal of Chemistry. 52(17): 3119-3124. https://doi.org/10.1139/v74-458",,,,,,,,,,,,,,,,,
"[18] Northover, G.H.R., Mao, Y., Blasco, S. et al. Synergistic use of siderophores and weak organic ligands during zinc transport in the rhizosphere controlled by pH and ion strength gradients. Sci Rep 12, 6774 (2022). https://doi.org/10.1038/s41598-022-10493-5",,,,,,,,,,,,,,,,,
"[21] Walsh MJ, Ahner BA. Determination of stability constants of Cu(I), Cd(II) & Zn(II) complexes with thiols using fluorescent probes. J Inorg Biochem. 2013 Nov;128:112-23. doi: 10.1016/j.jinorgbio.2013.07.012. Epub 2013 Jul 16. PMID: 23954481.",,,,,,,,,,,,,,,,,
"[22] Outten CE, O'Halloran TV. Femtomolar sensitivity of metalloregulatory proteins controlling zinc homeostasis. Science. 2001 Jun 29;292(5526):2488-92. doi: 10.1126/science.1060331. Epub 2001 Jun 7. PMID: 11397910.",,,,,,,,,,,,,,,,,
"[23] Osman, D., Martini, M.A., Foster, A.W. et al. Bacterial sensors define intracellular free energies for correct enzyme metalation. Nat Chem Biol 15, 241–249 (2019). https://doi.org/10.1038/s41589-018-0211-4",,,,,,,,,,,,,,,,,
[24] BioNumber. Concentration of total and free magnesium ion (Mg2+). https://bionumbers.hms.harvard.edu/bionumber.aspx?id=115774,,,,,,,,,,,,,,,,,
"[25] Donald R. Burgess (2004), NIST SRD 46. Critically Selected Stability Constants of Metal Complexes: Version 8.0 for Windows, National Institute of Standards and Technology, https://doi.org/10.18434/M32154 (Accessed June 25, 2021)",,,,,,,,,,,,,,,,,
"[26] Naoyuki Hatada, https://github.com/n-hatada/stability-constant-explorer",,,,,,,,,,,,,,,,,
[27] John D. Helmann; Metals in Motion: Understanding Labile Metal Pools in Bacteria. Biochemistry 21 January 2025; 64 (2): 329–345. https://doi.org/10.1021/acs.biochem.4c00726,,,,,,,,,,,,,,,,,