"id"	"stoichiometry"	"direction"	"catalyzed_by"	"is_new"	"_comments"
"ADENOSINE-NUCLEOSIDASE-RXN"	{"ADENOSINE[CCO-CYTOSOL]": -1, "WATER[CCO-CYTOSOL]": -1, "CPD0-1108[CCO-CYTOSOL]": 1, "ADENINE[CCO-CYTOSOL]": 1}	"L2R"	["EG11082-MONOMER"]	0	"Replaced D-Ribofuranose (compound class that covers both alpha and beta forms) with a more specific molecule CPD0-1108 (beta form only)"
"INOSINE-NUCLEOSIDASE-RXN"	{"INOSINE[CCO-CYTOSOL]": -1, "WATER[CCO-CYTOSOL]": -1, "CPD0-1108[CCO-CYTOSOL]": 1, "HYPOXANTHINE[CCO-CYTOSOL]": 1}	"L2R"	["EG11082-MONOMER"]	0	"Replaced D-Ribofuranose (compound class that covers both alpha and beta forms) with a more specific molecule CPD0-1108 (beta form only)"
"RXN-14882[CCO-CYTOSOL]-CPD-15818//D-Ribofuranose.39."	{"CPD-15818[CCO-CYTOSOL]": -1, "CPD0-1108[CCO-CYTOSOL]": 1}	"BOTH"	[]	0	"Replaced D-Ribofuranose (compound class that covers both alpha and beta forms) with a more specific molecule CPD0-1108 (beta form only)"
"RXN-14882[CCO-EXTRACELLULAR]-CPD-15818//D-Ribofuranose.45."	{"CPD-15818[CCO-EXTRACELLULAR]": -1, "CPD0-1108[CCO-EXTRACELLULAR]": 1}	"BOTH"	[]	0	"Replaced D-Ribofuranose (compound class that covers both alpha and beta forms) with a more specific molecule CPD0-1108 (beta form only)"
"RXN-14882[CCO-PERI-BAC]-CPD-15818//D-Ribofuranose.40."	{"CPD-15818[CCO-PERI-BAC]": -1, "CPD0-1108[CCO-PERI-BAC]": 1}	"BOTH"	[]	0	"Replaced D-Ribofuranose (compound class that covers both alpha and beta forms) with a more specific molecule CPD0-1108 (beta form only)"
"RXN0-361"	{"CYTIDINE[CCO-CYTOSOL]": -1, "WATER[CCO-CYTOSOL]": -1, "CPD0-1108[CCO-CYTOSOL]": 1, "CYTOSINE[CCO-CYTOSOL]": 1}	"L2R"	["EG11082-MONOMER", "CPLX0-7904", "CPLX0-8280"]	0	"Replaced D-Ribofuranose (compound class that covers both alpha and beta forms) with a more specific molecule CPD0-1108 (beta form only)"
"RXN0-363"	{"XANTHOSINE[CCO-CYTOSOL]": -1, "WATER[CCO-CYTOSOL]": -1, "CPD0-1108[CCO-CYTOSOL]": 1, "XANTHINE[CCO-CYTOSOL]": 1}	"L2R"	["EG11082-MONOMER"]	0	"Replaced D-Ribofuranose (compound class that covers both alpha and beta forms) with a more specific molecule CPD0-1108 (beta form only)"
"URIDINE-NUCLEOSIDASE-RXN"	{"URIDINE[CCO-CYTOSOL]": -1, "WATER[CCO-CYTOSOL]": -1, "CPD0-1108[CCO-CYTOSOL]": 1, "URACIL[CCO-CYTOSOL]": 1}	"L2R"	["CPLX0-7904", "CPLX0-8280", "EG11082-MONOMER"]	0	"Replaced D-Ribofuranose (compound class that covers both alpha and beta forms) with a more specific molecule CPD0-1108 (beta form only)"
"ASPAMINOTRANS-RXN"	{"L-ASPARTATE[CCO-CYTOSOL]": -1, "2-KETOGLUTARATE[CCO-CYTOSOL]": -1, "OXALACETIC_ACID[CCO-CYTOSOL]": 1, "GLT[CCO-CYTOSOL]": 1}	"BOTH"	["ASPAMINOTRANS-DIMER", "TYRB-DIMER"]	0	"TYRB-DIMER added as an alternative catalyst based on Markus's kinetic reconstruction"
"RXN-15346"	{"CPD-16551[CCO-CYTOSOL]": -1, "RIBOSE-5P[CCO-CYTOSOL]": 1}	"L2R"	[]	0	"Replaced CPD-15895 (aldehydo-D-ribose-5P) with generic RIBOSE-5P"
"TRANS-RXN-285"	{"L-CYSTINE[CCO-PERI-BAC]": -1, "PROTON[CCO-PERI-BAC]": -1, "L-CYSTINE[CCO-CYTOSOL]": 1, "PROTON[CCO-CYTOSOL]": 1}	"L2R"	["G6934-MONOMER"]	0	"HS: EcoCyc curated the equation wrong for the symport. Original creates cysteine out of thin air as dict keys overwrite each others"
"RXN-18819"	{"D-Ribose[CCO-CYTOSOL]": -1, "CPD-10204[CCO-CYTOSOL]": 1, "WATER[CCO-CYTOSOL]": 2}	"L2R"	[]	0	"HS: Original rxn creates glycine out of thin air as dict keys overwrite each others. EcoCyc provides no evidence as to why this non-enzymatic spontaneous reaction requires glycine on both sides of the equation. Removing glycine from the equation for WC model mass balance"
"RXN-18819-CPD-10330/GLY//CPD-10204/GLY/WATER.35."	{"CPD-10330[CCO-CYTOSOL]": -1, "CPD-10204[CCO-CYTOSOL]": 1, "WATER[CCO-CYTOSOL]": 2}	"L2R"	[]	0	"HS: Original rxn creates glycine out of thin air as dict keys overwrite each others. EcoCyc provides no evidence as to why this non-enzymatic spontaneous reaction requires glycine on both sides of the equation. Removing glycine from the equation for WC model mass balance"
"RXN-18819-CPD-15818/GLY//CPD-10204/GLY/WATER.35."	{"CPD-15818[CCO-CYTOSOL]": -1, "CPD-10204[CCO-CYTOSOL]": 1, "WATER[CCO-CYTOSOL]": 2}	"L2R"	[]	0	"HS: Original rxn creates glycine out of thin air as dict keys overwrite each others. EcoCyc provides no evidence as to why this non-enzymatic spontaneous reaction requires glycine on both sides of the equation. Removing glycine from the equation for WC model mass balance"
"RXN-18819-CPD-15829/GLY//CPD-10204/GLY/WATER.35."	{"CPD-15829[CCO-CYTOSOL]": -1, "CPD-10204[CCO-CYTOSOL]": 1, "WATER[CCO-CYTOSOL]": 2}	"L2R"	[]	0	"HS: Original rxn creates glycine out of thin air as dict keys overwrite each others. EcoCyc provides no evidence as to why this non-enzymatic spontaneous reaction requires glycine on both sides of the equation. Removing glycine from the equation for WC model mass balance"
"RXN-18819-CPD0-1108/GLY//CPD-10204/GLY/WATER.35."	{"CPD0-1108[CCO-CYTOSOL]": -1, "CPD-10204[CCO-CYTOSOL]": 1, "WATER[CCO-CYTOSOL]": 2}	"L2R"	[]	0	"HS: Original rxn creates glycine out of thin air as dict keys overwrite each others. EcoCyc provides no evidence as to why this non-enzymatic spontaneous reaction requires glycine on both sides of the equation. Removing glycine from the equation for WC model mass balance"
"RXN-18819-CPD0-1110/GLY//CPD-10204/GLY/WATER.35."	{"CPD0-1110[CCO-CYTOSOL]": -1, "CPD-10204[CCO-CYTOSOL]": 1, "WATER[CCO-CYTOSOL]": 2}	"L2R"	[]	0	"HS: Original rxn creates glycine out of thin air as dict keys overwrite each others. EcoCyc provides no evidence as to why this non-enzymatic spontaneous reaction requires glycine on both sides of the equation. Removing glycine from the equation for WC model mass balance"
"ABC-42-RXN-CPD-15629/ATP/WATER//CPD-15629/ADP/Pi/PROTON.45."	{"CPD-15629[CCO-PERI-BAC]": -1, "ATP[CCO-CYTOSOL]": -1, "WATER[CCO-CYTOSOL]": -1, "CPD-15629[CCO-CYTOSOL]": 1, "ADP[CCO-CYTOSOL]": 1, "Pi[CCO-CYTOSOL]": 1, "PROTON[CCO-CYTOSOL]": 1}	"L2R"	["ABC-42-CPLX"]	0	"HS: Potential mistake in EcoCyc curation on the equation and schematic. Based on enzyme description and acitivity of ABC transporter family this reaction should be responsible of uptake of D-Allose"
