BioCyc Name,Concentration,STD,Units,Data Source
FRU1P,0.0,0.0,M,Kochanowski
CPD-13469,0.000145,8e-6,M,Kochanowski
GLC-6-P,0.000987,0.000059,M,Kochanowski
FRUCTOSE-6P,0.00031800000000000003,9e-6,M,Kochanowski
FRUCTOSE-16-DIPHOSPHATE,0.00138,0.00007099999999999999,M,Kochanowski
DIHYDROXY-ACETONE-PHOSPHATE,0.0009280000000000001,0.000041,M,Kochanowski
PHOSPHO-ENOL-PYRUVATE,0.000049000000000000005,5e-6,M,Kochanowski
RIBULOSE-5P,0.00034399999999999996,0.000035000000000000004,M,Kochanowski
XYLULOSE-5-PHOSPHATE,0.000158,0.000011,M,Kochanowski
RIBOSE-1P,3e-6,1e-6,M,Kochanowski
D-LACTATE,0.0,0.0,M,Kochanowski
ACETYL-COA,0.0,0.0,M,Kochanowski
CIT,0.000507,0.000021000000000000002,M,Kochanowski
Isocitrate,0.000507,0.000021000000000000002,M,Kochanowski
2-KETOGLUTARATE,0.000263,0.000015,M,Kochanowski
SUC,0.000628,0.000042999999999999995,M,Kochanowski
FUM,0.00045900000000000004,0.000036,M,Kochanowski
MAL,0.0021520000000000003,0.000063,M,Kochanowski
AMP,0.0,0.0,M,Kochanowski
ADP,0.000674,0.000036,M,Kochanowski
ATP,0.0013109999999999999,0.000091,M,Kochanowski
GMP,0.000025,2e-6,M,Kochanowski
GDP,0.000555,0.00014000000000000001,M,Kochanowski
GTP,0.0011690000000000001,0.000135,M,Kochanowski
IMP,0.001994,0.0006270000000000001,M,Kochanowski
NAD,0.0,0.0,M,Kochanowski
NADH,0.0,0.0,M,Kochanowski
NADP,0.0,0.0,M,Kochanowski
NADPH,0.0,0.0,M,Kochanowski
ASN,0.000264,0.000014,M,Kochanowski
L-ASPARTATE,0.000972,0.000026,M,Kochanowski
ARG,0.0,0.0,M,Kochanowski
GLN,0.001845,0.000073,M,Kochanowski
GLT,0.01684,0.000906,M,Kochanowski
PHE,0.000056,2e-6,M,Kochanowski
TYR,0.000051,2e-6,M,Kochanowski
CAMP,2e-6,1e-6,M,Kochanowski
GLT,0.0657256,0.001592,M,sander
GLN,0.0066051,0.0008215000000000001,M,sander
ARG,0.0001382,0.0000159,M,sander
PRO,0.0004398,0.0000673,M,sander
L-ASPARTATE,0.0029319000000000003,0.0002992,M,sander
ASN,0.00045250000000000005,0.0001118,M,sander
LYS,0.0015447,0.00029360000000000003,M,sander
MET,0.0000435,1.1e-6,M,sander
THR,0.0002934,0.0000423,M,sander
ILE,0.0002859,0.000029000000000000004,M,sander
VAL,0.00030470000000000003,0.000047000000000000004,M,sander
L-ALPHA-ALANINE,0.0004007,0.0000441,M,sander
SER,0.0008872,0.0001688,M,sander
GLY,0.0008149,0.0001178,M,sander
HIS,0.0000825,0.000014500000000000002,M,sander
PHE,0.0001187,0.0000153,M,sander
TRP,0.0000286,6.3e-6,M,sander
TYR,0.0002287,0.000022800000000000002,M,sander
GUANOSINE,5.225e-7,3.9475999999999996e-8,M,Lempp
INOSINE,7e-7,1.0360199999999999e-7,M,Lempp
HYPOXANTHINE,7.699999999999999e-7,1.04881e-7,M,Lempp
CYTIDINE,1.0949999999999999e-6,2.34165e-7,M,Lempp
CAMP,2.97e-6,3.02985e-7,M,Lempp
GUANINE,4.0250000000000004e-6,2.6134299999999996e-7,M,Lempp
GMP,4.1249999999999995e-6,5.389810000000001e-7,M,Lempp
CYTOSINE,4.8525e-6,7.30451e-7,M,Lempp
ADENINE,8.985e-6,2.02731e-7,M,Lempp
HISTIDINOL,0.000010682499999999998,1.630304e-6,M,Lempp
GDP,0.0000188525,5.0910469999999994e-6,M,Lempp
TRP,0.0000243875,2.9932409999999996e-6,M,Lempp
NADH,0.000025947500000000002,7.750498e-6,M,Lempp
CDP,0.0000306775,6.33239e-6,M,Lempp
ERYTHROSE-4P,0.0000484125,6.831615e-6,M,Lempp
IMP,0.00005044,0.000011484314,M,Lempp
MET,0.000054975,0.000011914172,M,Lempp
PANTOTHENATE,0.0000659075,9.271585e-6,M,Lempp
HIS,0.0000697375,0.000012207245,M,Lempp
AMP,0.00007073,0.000011248148999999999,M,Lempp
UMP,0.0000709475,0.000020200997,M,Lempp
PHE,0.00010290000000000001,0.000013159623,M,Lempp
CO-A,0.000104995,8.964517e-6,M,Lempp
UDP,0.00012104499999999999,0.000018621125,M,Lempp
2K-4CH3-PENTANOATE,0.000138315,0.000021840321,M,Lempp
PHOSPHO-ENOL-PYRUVATE,0.000143805,0.000031805727,M,Lempp
ARG,0.00015250749999999998,0.000016548175,M,Lempp
D-SEDOHEPTULOSE-7-P,0.00016172999999999998,8.401464e-6,M,Lempp
Pentose-phosphates,0.00016532749999999998,0.00002296943,M,Lempp
L-CITRULLINE,0.0001762375,5.221509e-6,M,Lempp
NADPH,0.00018041999999999998,0.000035975682999999995,M,Lempp
TYR,0.0002158325,0.000023487008,M,Lempp
SUC,0.000217805,0.00007550068899999999,M,Lempp
NADP,0.00021930999999999999,0.000020961473999999998,M,Lempp
HOMO-SER,0.000237775,0.000023853480999999996,M,Lempp
ILE,0.0002455125,0.00001611085,M,Lempp
ADP,0.0002583525,0.00002772485,M,Lempp
4-AMINO-BUTYRATE,0.00030412,0.000020624885999999998,M,Lempp
OXIDIZED-GLUTATHIONE,0.00032482999999999996,0.000015384968999999998,M,Lempp
GTP,0.000364995,0.000050057819999999995,M,Lempp
PRO,0.0003900475,0.00006626354799999999,M,Lempp
L-ALPHA-ALANINE,0.00039575,0.000071052557,M,Lempp
GLY,0.0004323625,0.000051288043999999994,M,Lempp
SER,0.0004500075,0.000055946308,M,Lempp
ASN,0.0004994,0.000023170034,M,Lempp
VAL,0.0005656499999999999,0.000048228536,M,Lempp
LYS,0.0006668999999999999,0.000053447262,M,Lempp
UDP-N-ACETYL-D-GLUCOSAMINE,0.000671015,0.00004480983899999999,M,Lempp
CMP,0.000788215,0.00011629518199999999,M,Lempp
CTP,0.00086197,0.00020564040099999999,M,Lempp
UTP,0.0011357625,0.000131587487,M,Lempp
FUM,0.001504265,0.000229101865,M,Lempp
ACETOACETYL-COA,0.00150544,0.000211469084,M,Lempp
ATP,0.0015496025,0.00032894349799999996,M,Lempp
DIHYDROXY-ACETONE-PHOSPHATE,0.001666115,0.00038071380499999995,M,Lempp
CIT,0.0017109649999999998,0.00018349696800000001,M,Lempp
L-ASPARTATE,0.0019994175,0.00010992678499999998,M,Lempp
MAL,0.0021249199999999998,0.000361785642,M,Lempp
NAD,0.002124925,0.000513501117,M,Lempp
FRUCTOSE-16-DIPHOSPHATE,0.00254328,0.000313495795,M,Lempp
GLN,0.00380909,0.00063609355,M,Lempp
DI-H-OROTATE,0.0038817175,0.0006459197299999999,M,Lempp
OROTATE,0.0054706625,0.000498914863,M,Lempp
GLUTATHIONE,0.0069162875,0.001943432114,M,Lempp
GLT,0.032990044999999996,0.0018172353189999998,M,Lempp
ADENOSINE,0.0,0.0,M,Bennet
DEOXYGUANOSINE,1e-6,0.0,M,Bennet
ADENINE,2e-6,0.0,M,Bennet
GUANOSINE,2e-6,0.0,M,Bennet
NADP,2e-6,0.000015,M,Bennet
CYTIDINE,3e-6,2e-6,M,Bennet
DEOXYADENOSINE,3e-6,1e-6,M,Bennet
ANTHRANILATE,3e-6,0.0,M,Bennet
ADP-D-GLUCOSE,4e-6,2e-6,M,Bennet
PROPIONYL-COA,5e-6,2e-6,M,Bennet
MYO-INOSITOL,6e-6,2e-6,M,Bennet
APS,7e-6,2e-6,M,Bennet
DAMP,9e-6,0.000012,M,Bennet
L-ORNITHINE,0.00001,4e-6,M,Bennet
DI-H-OROTATE,0.000012,0.0,M,Bennet
QUINOLINATE,0.000012,0.000026,M,Bennet
TRP,0.000012,1e-6,M,Bennet
HISTIDINOL,0.000013,0.0,M,Bennet
CYTOSINE,0.000014,7e-6,M,Bennet
SHIKIMATE,0.000014,0.000011,M,Bennet
CIS-ACONITATE,0.000016,3e-6,M,Bennet
DATP,0.000016,0.000012,M,Bennet
PHE,0.000018,0.0,M,Bennet
RIBOFLAVIN,0.000019,2e-6,M,Bennet
ACETOACETYL-COA,0.000022,0.00001,M,Bennet
GMP,0.000024,9e-6,M,Bennet
TYR,0.000029,0.000013,M,Bennet
CAMP,0.000035,8e-6,M,Bennet
DCTP,0.000035,0.00001,M,Bennet
MALONYL-COA,0.000035,0.001545,M,Bennet
GLUCONATE,0.000042,0.000148,M,Bennet
N-ALPHA-ACETYLORNITHINE,0.000043,0.000021,M,Bennet
GLYCEROL-3P,0.000049,0.000087,M,Bennet
DGMP,0.000051,0.000013,M,Bennet
4-hydroxybenzoate,0.000052,9e-6,M,Bennet
HIS,0.000068,0.000027,M,Bennet
SER,0.000068,0.000077,M,Bennet
N-ACETYL-D-GLUCOSAMINE-1-P,0.000082,0.00001,M,Bennet
NADH,0.000083,0.000036,M,Bennet
PHENYL-PYRUVATE,0.00009,0.000055,M,Bennet
FUM,0.00012,0.002208,M,Bennet
NADPH,0.00012,0.000012,M,Bennet
2-3-DIHYDROXYBENZOATE,0.00014,0.000023,M,Bennet
MET,0.00015,0.000015,M,Bennet
FAD,0.00017,0.000113,M,Bennet
PHOSPHO-ENOL-PYRUVATE,0.00018,0.000043,M,Bennet
S-ADENOSYLMETHIONINE,0.00018,0.000082,M,Bennet
THR,0.00018,5e-6,M,Bennet
GUANINE,0.00019,0.000068,M,Bennet
SUC-COA,0.00023,0.000121,M,Bennet
AMP,0.00028,0.000055,M,Bennet
CMP,0.00036,0.000253,M,Bennet
DIHYDROXY-ACETONE-PHOSPHATE,0.00037,0.00003,M,Bennet
HOMO-CYS,0.00037,5e-6,M,Bennet
TDP,0.00038,0.000044,M,Bennet
PRO,0.00039,0.000013,M,Bennet
LYS,0.00041,0.000087,M,Bennet
2-KETOGLUTARATE,0.00044,0.00016,M,Bennet
ASN,0.00051,0.000075,M,Bennet
ADP,0.00056,0.000133,M,Bennet
ARG,0.00057,0.000098,M,Bennet
SUC,0.00057,0.000304,M,Bennet
UDP-GLUCURONATE,0.00057,0.001275,M,Bennet
CARBAMYUL-L-ASPARTATE,0.00059,0.000296,M,Bennet
ACETYL-COA,0.00061,0.000082,M,Bennet
GDP,0.00068,0.000208,M,Bennet
GLC-D-LACTONE,0.001,0.000517,M,Bennet
ACETYL-P,0.0011,0.000055,M,Bennet
CPD-13469,0.0012,0.000216,M,Bennet
CO-A,0.0014,0.010556,M,Bennet
GLYCERATE,0.0014,0.001218,M,Bennet
L-CITRULLINE,0.0014,0.000125,M,Bennet
G3P,0.0015,0.000035,M,Bennet
MAL,0.0017,0.00002,M,Bennet
UDP,0.0018,0.00077,M,Bennet
CIT,0.002,0.00119,M,Bennet
URIDINE,0.0021,0.00014,M,Bennet
CPD-12575,0.0025,0.00194,M,Bennet
L-ALPHA-ALANINE,0.0026,0.00024,M,Bennet
NAD,0.0026,0.00024,M,Bennet
CTP,0.0027,0.0005,M,Bennet
CPD-2961,0.0038,0.00008,M,Bennet
GLN,0.0038,0.000325,M,Bennet
VAL,0.004,0.000525,M,Bennet
L-ASPARTATE,0.0042,0.00074,M,Bennet
TTP,0.0046,0.000435,M,Bennet
GTP,0.0049,0.006765,M,Bennet
UTP,0.0083,0.00055,M,Bennet
UDP-N-ACETYL-D-GLUCOSAMINE,0.0092,0.002905,M,Bennet
ATP,0.0096,0.001635,M,Bennet
FRUCTOSE-16-DIPHOSPHATE,0.015,0.0012,M,Bennet
GLUTATHIONE,0.017,0.0013,M,Bennet
GLT,0.096,0.0037,M,Bennet
ADENOSINE,0.0,0.0,M,Park
OXALACETIC_ACID,0.0,0.0,M,Park
DEOXYGUANOSINE,1e-6,0.0,M,Park
ADENINE,1e-6,0.0,M,Park
DEOXYGUANOSINE,2e-6,0.0,M,Park
NADP,2e-6,0.000016,M,Park
CYTIDINE,3e-6,2e-6,M,Park
DEOXYADENOSINE,3e-6,1e-6,M,Park
ANTHRANILATE,3e-6,0.0,M,Park
ADP-D-GLUCOSE,4e-6,2e-6,M,Park
PROPIONYL-COA,5e-6,2e-6,M,Park
MYO-INOSITOL,6e-6,2e-6,M,Park
APS,7e-6,2e-6,M,Park
DAMP,9e-6,0.000012,M,Park
L-ORNITHINE,0.00001,4e-6,M,Park
QUINOLINATE,0.000012,0.000026,M,Park
DI-H-OROTATE,0.000012,0.0,M,Park
TRP,0.000012,1e-6,M,Park
HISTIDINOL,0.000013,0.0,M,Park
CYTOSINE,0.000014,7e-6,M,Park
SHIKIMATE,0.000014,0.00001,M,Park
DATP,0.000016,0.000011,M,Park
DPG,0.000017,0.00001,M,Park
PHE,0.000018,0.0,M,Park
RIBOFLAVIN,0.000019,2e-6,M,Park
ACETOACETYL-COA,0.000022,0.00001,M,Park
GMP,0.000024,9e-6,M,Park
IDP,0.000024,7e-6,M,Park
TYR,0.000029,0.000013,M,Park
DCTP,0.000034,0.00001,M,Park
CAMP,0.000035,8e-6,M,Park
MALONYL-COA,0.000035,0.00154,M,Park
Isocitrate,0.000037,0.000019,M,Park
GLUCONATE,0.000042,0.000148,M,Park
N-ALPHA-ACETYLORNITHINE,0.000043,0.000021,M,Park
ERYTHROSE-4P,0.000049,7e-6,M,Park
GLYCEROL-3P,0.000049,0.000087,M,Park
DGMP,0.000051,0.000013,M,Park
4-hydroxybenzoate,0.000052,9e-6,M,Park
FMN,0.000054,0.000018,M,Park
HIS,0.000068,0.000027,M,Park
CARBON-DIOXIDE,0.000075,0.000013,M,Park
23-DIPHOSPHOGLYCERATE,0.000083,0.000022,M,Park
NADH,0.000084,0.000036,M,Park
PHENYL-PYRUVATE,0.00009,0.000056,M,Park
2-PG,0.000092,0.000142,M,Park
RIBULOSE-5P,0.000112,8e-6,M,Park
FUM,0.000115,0.00221,M,Park
NADPH,0.000121,0.000012,M,Park
2-3-DIHYDROXYBENZOATE,0.000138,0.000023,M,Park
MET,0.000145,0.000015,M,Park
ILE,0.000152,3e-6,M,Park
LEU,0.000152,3e-6,M,Park
FAD,0.000173,0.000113,M,Park
XYLULOSE-5-PHOSPHATE,0.000181,0.000012,M,Park
PHOSPHO-ENOL-PYRUVATE,0.000184,0.000043,M,Park
S-ADENOSYLMETHIONINE,0.000184,0.000082,M,Park
GUANINE,0.000188,0.000068,M,Park
ITP,0.000205,0.000082,M,Park
SUC-COA,0.000233,0.000121,M,Park
PRPP,0.000258,0.000178,M,Park
GAP,0.000271,0.000017,M,Park
IMP,0.000272,0.000127,M,Park
AMP,0.000281,0.000055,M,Park
FUM,0.000288,4e-6,M,Park
CMP,0.00036,0.000254,M,Park
HOMO-CYS,0.00037,5e-6,M,Park
TDP,0.000378,0.000044,M,Park
PRO,0.000385,0.000013,M,Park
LYS,0.000405,0.000087,M,Park
2-KETOGLUTARATE,0.000443,0.00016,M,Park
ASN,0.000511,0.000075,M,Park
ADP,0.000555,0.000134,M,Park
UDP-GLUCURONATE,0.000566,0.00128,M,Park
ARG,0.000569,0.000098,M,Park
SUC,0.000569,0.000304,M,Park
CARBAMYUL-L-ASPARTATE,0.00059,0.000296,M,Park
ACETYL-COA,0.000606,0.000082,M,Park
GDP,0.000676,0.000209,M,Park
RIBOSE-5P,0.000787,0.000025,M,Park
D-SEDOHEPTULOSE-7-P,0.000882,0.000042,M,Park
GLC-D-LACTONE,0.00104,0.000517,M,Park
ACETYL-P,0.00107,0.000055,M,Park
SER,0.00113,0.00007,M,Park
CPD-13469,0.00115,0.000216,M,Park
THR,0.00126,0.000035,M,Park
Pentose-phosphates,0.00132,0.000394,M,Park
L-CITRULLINE,0.00135,0.000125,M,Park
CO-A,0.00137,0.0106,M,Park
GLYCERATE,0.00141,0.00122,M,Park
G3P,0.00154,0.000035,M,Park
MAL,0.00168,0.00002,M,Park
UDP,0.00179,0.00077,M,Park
CIT,0.00196,0.00119,M,Park
URIDINE,0.00209,0.00014,M,Park
OXIDIZED-GLUTATHIONE,0.00237,0.00048,M,Park
CPD-12575,0.0025,0.00194,M,Park
FRUCTOSE-6P,0.00252,0.000365,M,Park
L-ALPHA-ALANINE,0.00255,0.00024,M,Park
NAD,0.00255,0.00024,M,Park
CTP,0.00273,0.0005,M,Park
DIHYDROXY-ACETONE-PHOSPHATE,0.00306,0.00016,M,Park
PYRUVATE,0.00366,0.000535,M,Park
CPD-2961,0.00377,0.00008,M,Park
GLN,0.00381,0.000325,M,Park
VAL,0.00402,0.000525,M,Park
L-ASPARTATE,0.00423,0.00074,M,Park
TTP,0.00462,0.000435,M,Park
GTP,0.00487,0.00677,M,Park
Glucose-6-phosphate,0.00788,0.00029,M,Park
UTP,0.00829,0.00055,M,Park
Hexose-phosphates,0.00875,0.000325,M,Park
UDP-N-ACETYL-D-GLUCOSAMINE,0.00924,0.00291,M,Park
ATP,0.00963,0.00164,M,Park
FRUCTOSE-16-DIPHOSPHATE,0.0152,0.0012,M,Park
GLUTATHIONE,0.0166,0.0013,M,Park
Pi,0.0239,0.004,M,Park
GLT,0.096,0.0037,M,Park
DUMP,3e-6,1e-6,M,Thorfinnsdottir clean
THREO-DS-ISO-CITRATE,3e-6,1e-6,M,Thorfinnsdottir clean
DCMP,5e-6,2e-6,M,Thorfinnsdottir clean
DGDP,0.000012,4e-6,M,Thorfinnsdottir clean
CAMP,0.000017,7e-6,M,Thorfinnsdottir clean
DAMP,0.000024,0.000038,M,Thorfinnsdottir clean
DCDP,0.000025,7e-6,M,Thorfinnsdottir clean
TRP,0.000028,9e-6,M,Thorfinnsdottir clean
GMP,0.000032,0.000022,M,Thorfinnsdottir clean
DGTP,0.000035,6e-6,M,Thorfinnsdottir clean
DADP,0.00004,0.000022,M,Thorfinnsdottir clean
TDP,0.000047,0.000013,M,Thorfinnsdottir clean
D-SEDOHEPTULOSE-7-P,0.000069,0.000011,M,Thorfinnsdottir clean
HIS,0.000074,0.000024,M,Thorfinnsdottir clean
DCTP,0.000076,0.00001,M,Thorfinnsdottir clean
FAD,0.00008,0.00001,M,Thorfinnsdottir clean
PRPP,0.000085,0.000031,M,Thorfinnsdottir clean
CGMP,0.00009,0.000122,M,Thorfinnsdottir clean
PHE,0.000096,0.000075,M,Thorfinnsdottir clean
DATP,0.000103,0.000014,M,Thorfinnsdottir clean
ASN,0.000108,0.000027,M,Thorfinnsdottir clean
PRO,0.000112,0.000028,M,Thorfinnsdottir clean
TTP,0.000113,0.000015,M,Thorfinnsdottir clean
PHOSPHO-ENOL-PYRUVATE,0.00012,0.000044,M,Thorfinnsdottir clean
2-KETOGLUTARATE,0.000128,0.000022,M,Thorfinnsdottir clean
CDP,0.000132,0.000036,M,Thorfinnsdottir clean
TYR,0.000142,0.000023,M,Thorfinnsdottir clean
CMP,0.000147,0.00006,M,Thorfinnsdottir clean
GLYCEROL-3P,0.000158,0.000057,M,Thorfinnsdottir clean
ARG,0.00017,0.000071,M,Thorfinnsdottir clean
CTP,0.000181,0.000078,M,Thorfinnsdottir clean
VAL,0.000186,0.000076,M,Thorfinnsdottir clean
RIBOSE-5P,0.000189,0.000037,M,Thorfinnsdottir clean
CIT,0.000213,0.000095,M,Thorfinnsdottir clean
GDP,0.000224,0.000068,M,Thorfinnsdottir clean
THR,0.000225,0.000045,M,Thorfinnsdottir clean
FUM,0.00026,0.000042,M,Thorfinnsdottir clean
SER,0.000271,0.000045,M,Thorfinnsdottir clean
2-PG,0.000298,0.000068,M,Thorfinnsdottir clean
UDP,0.000301,0.000087,M,Thorfinnsdottir clean
L-ALPHA-ALANINE,0.000388,0.000155,M,Thorfinnsdottir clean
FRUCTOSE-6P,0.000422,0.000164,M,Thorfinnsdottir clean
GLN,0.000465,0.000154,M,Thorfinnsdottir clean
ALPHA-GLC-6-P,0.000503,0.00022,M,Thorfinnsdottir clean
AMP,0.00061,0.000192,M,Thorfinnsdottir clean
UDP,0.00079,0.000108,M,Thorfinnsdottir clean
ADP,0.000943,0.000183,M,Thorfinnsdottir clean
GTP,0.000975,0.000129,M,Thorfinnsdottir clean
UTP,0.001103,0.000143,M,Thorfinnsdottir clean
FRUCTOSE-16-DIPHOSPHATE,0.001138,0.000414,M,Thorfinnsdottir clean
TMP,0.00119,0.00015,M,Thorfinnsdottir clean
UMP,0.00273,0.000353,M,Thorfinnsdottir clean
ATP,0.002797,0.000394,M,Thorfinnsdottir clean
GUANOSINE,2e-6,1e-6,M,McCloskey clean
HYPOXANTHINE,3e-6,1e-6,M,McCloskey clean
DTDP-D-GLUCOSE,5e-6,3e-6,M,McCloskey clean
DCMP,6e-6,2e-6,M,McCloskey clean
NADH,7e-6,1e-6,M,McCloskey clean
SHIKIMATE,7e-6,3e-6,M,McCloskey clean
ADP-D-GLUCOSE,8e-6,3e-6,M,McCloskey clean
INOSINE,8e-6,1e-6,M,McCloskey clean
GLYCOLLATE,9e-6,3e-6,M,McCloskey clean
NADPH,0.00001,7e-6,M,McCloskey clean
TRP,0.00001,3e-6,M,McCloskey clean
DUMP,0.000013,3e-6,M,McCloskey clean
GMP,0.000016,7e-6,M,McCloskey clean
THREO-DS-ISO-CITRATE,0.000017,4e-6,M,McCloskey clean
ADENINE,0.000018,9e-6,M,McCloskey clean
CAMP,0.000024,0.000015,M,McCloskey clean
ADENOSINE,0.000032,4e-6,M,McCloskey clean
URIDINE,0.00004,0.000018,M,McCloskey clean
FAD,0.000041,0.000013,M,McCloskey clean
DADP,0.000044,0.000012,M,McCloskey clean
L-CITRULLINE,0.000046,0.000038,M,McCloskey clean
DCDP,0.000046,7e-6,M,McCloskey clean
PHE,0.000048,0.000027,M,McCloskey clean
GUANINE,0.000054,0.000039,M,McCloskey clean
THYMINE,0.000057,0.00002,M,McCloskey clean
MET,0.000081,9e-6,M,McCloskey clean
CYTIDINE,0.000086,6e-6,M,McCloskey clean
MALONYL-COA,0.000087,0.00007,M,McCloskey clean
IMP,0.000088,0.000017,M,McCloskey clean
PHOSPHO-ENOL-PYRUVATE,0.000089,0.000028,M,McCloskey clean
RIBOSE-5P,0.00012,0.000061,M,McCloskey clean
CMP,0.000136,0.000091,M,McCloskey clean
PHENYL-PYRUVATE,0.000138,0.000058,M,McCloskey clean
DCTP,0.000141,0.000054,M,McCloskey clean
UDP,0.00015,0.000043,M,McCloskey clean
UDP-GLUCURONATE,0.000152,0.000044,M,McCloskey clean
DATP,0.00017,0.000044,M,McCloskey clean
AMP,0.000185,0.000045,M,McCloskey clean
URACIL,0.000186,0.000133,M,McCloskey clean
L-CYSTINE,0.000196,0.00004,M,McCloskey clean
UMP,0.000201,0.00006,M,McCloskey clean
GDP,0.000209,0.000062,M,McCloskey clean
CIT,0.000215,0.000063,M,McCloskey clean
23-DIPHOSPHOGLYCERATE,0.000221,0.000067,M,McCloskey clean
ADP,0.000234,0.000053,M,McCloskey clean
TYR,0.000243,0.000068,M,McCloskey clean
L-ASPARTATE,0.000246,0.000081,M,McCloskey clean
NADP,0.000276,0.000078,M,McCloskey clean
ASN,0.000292,0.000112,M,McCloskey clean
D-SEDOHEPTULOSE-7-P,0.000294,0.000122,M,McCloskey clean
SER,0.000296,0.000076,M,McCloskey clean
CTP,0.000312,0.000154,M,McCloskey clean
RIBULOSE-5P,0.000321,0.000292,M,McCloskey clean
ITP,0.000353,0.000107,M,McCloskey clean
MAL,0.000501,0.000095,M,McCloskey clean
HIS,0.000503,0.000046,M,McCloskey clean
CIS-ACONITATE,0.000595,0.000334,M,McCloskey clean
GLYCEROL-3P,0.000599,0.000142,M,McCloskey clean
ARG,0.000602,0.000061,M,McCloskey clean
CIT,0.000628,0.000213,M,McCloskey clean
NAD,0.00094,0.000172,M,McCloskey clean
THR,0.00111,0.000171,M,McCloskey clean
D-LACTATE,0.001114,0.000202,M,McCloskey clean
SUC,0.00113,0.000126,M,McCloskey clean
SUC-COA,0.001138,0.000226,M,McCloskey clean
UTP,0.001298,0.000248,M,McCloskey clean
PYRUVATE,0.001468,0.000233,M,McCloskey clean
CO-A,0.001505,0.000654,M,McCloskey clean
GTP,0.001661,0.000472,M,McCloskey clean
FUM,0.001666,0.000304,M,McCloskey clean
CPD-12575,0.001786,0.000706,M,McCloskey clean
FRUCTOSE-6P,0.001958,0.00043,M,McCloskey clean
ALPHA-GLC-6-P,0.002029,0.000429,M,McCloskey clean
GLN,0.002031,0.000379,M,McCloskey clean
ACETYL-COA,0.002155,0.001061,M,McCloskey clean
TTP,0.002391,0.000623,M,McCloskey clean
FRUCTOSE-16-DIPHOSPHATE,0.002418,0.000706,M,McCloskey clean
OXALACETIC_ACID,0.002548,0.002023,M,McCloskey clean
OXIDIZED-GLUTATHIONE,0.002621,0.000453,M,McCloskey clean
DIHYDROXY-ACETONE-PHOSPHATE,0.002725,0.001362,M,McCloskey clean
GAP,0.002748,0.001441,M,McCloskey clean
2-KETOGLUTARATE,0.0033,0.001887,M,McCloskey clean
GLUTACONATE,0.011256,0.00259,M,McCloskey clean
GLUTATHIONE,0.013435,0.005381,M,McCloskey clean
PRPP,0.015032,0.005048,M,McCloskey clean
ATP,0.016454,0.003636,M,McCloskey clean
CHORISMATE,0.024207,0.027804,M,McCloskey clean
L-ORNITHINE,0.261641,0.071219,M,McCloskey clean
