,sim_cp1_basal,sim_cp1_Isoprimeverose,sim_cp1_Oxamate,sim_cp1_Trehalose,sim_cp1_GLC-1-P,sim_cp1_3-HYDROXYPHENYL-PROPIONATE,sim_cp1_3-PHENYLPROPIONATE,sim_cp1_cinnate,sim_cp1_L-galactonate,sim_cp1_D-GLUCARATE,is_new,kinetic
1.1.1.39-RXN,-6.0,-5.612492790423573,-5.999986814834707,-5.016553671117202,-4.251011106554222,-5.706538528530688,-5.9999999999996065,-5.648508357332989,-3.3533575353005363,-3.6204803863297417,Old Reactions,4.197666426221115
1.1.1.83-RXN,-6.0,-6.0,-6.0,-6.0,-6.0,-6.0,-6.0,-6.0,-6.0,-6.0,Old Reactions,2.8438554232453597
1.13.11.16-RXN,-6.0,-6.0,-6.0,-6.0,-6.0,5.4709204397374736,5.441409842195786,-6.0,-6.0,-6.0,New Reactions,1.8260748091828336
2.1.1.79-RXN-CPD-18361/S-ADENOSYLMETHIONINE//CPD-18373/ADENOSYL-HOMO-CYS/PROTON.67.,-6.0,-6.0,-6.0,-6.0,-6.0,-6.0,-6.0,-6.0,-6.0,-6.0,New Reactions,1.954242514264819
2.1.1.79-RXN-CPD-18362/S-ADENOSYLMETHIONINE//CPD-18406/ADENOSYL-HOMO-CYS/PROTON.67.,-6.0,-6.0,-6.0,-6.0,-6.0,-6.0,-6.0,-6.0,-6.0,-6.0,New Reactions,1.954242514264819
2.1.1.79-RXN-CPD-18367/S-ADENOSYLMETHIONINE//CPD-18371/ADENOSYL-HOMO-CYS/PROTON.67.,-6.0,-6.0,-6.0,-6.0,-6.0,-6.0,-6.0,-6.0,-6.0,-6.0,New Reactions,1.954242514264819
2.1.1.79-RXN-CPD-18369/S-ADENOSYLMETHIONINE//CPD-18372/ADENOSYL-HOMO-CYS/PROTON.67.,-6.0,-6.0,-6.0,-6.0,-6.0,-6.0,-6.0,-6.0,-6.0,-6.0,New Reactions,1.954242514264819
2.1.1.79-RXN-CPD-18392/S-ADENOSYLMETHIONINE//CPD-18405/ADENOSYL-HOMO-CYS/PROTON.67.,-6.0,-6.0,-6.0,-6.0,-6.0,-6.0,-6.0,-6.0,-6.0,-6.0,New Reactions,1.954242514264819
2.1.1.79-RXN-CPD-18403/S-ADENOSYLMETHIONINE//CPD-18404/ADENOSYL-HOMO-CYS/PROTON.67.,-6.0,-6.0,-6.0,-6.0,-6.0,-6.0,-6.0,-6.0,-6.0,-6.0,New Reactions,1.954242514264819
2.3.1.157-RXN,2.8202014601426666,2.8202014608113184,2.8202014601426693,2.820201464285926,2.8202014648839704,2.8202014602055803,2.8202014601426666,2.820201460256756,2.8202015086264396,2.8202014562787907,Old Reactions,5.036129648866871
2.5.1.19-RXN,4.147428968729584,4.460342294173522,4.1469957572582485,4.3040414850461195,4.14740262172669,4.147398114085365,4.147398039378585,4.147398132166813,4.1474346788553955,4.147426433159899,Old Reactions,4.752248254185458
2.5.1.64-RXN,1.4149733646744516,1.414973364673982,1.4149733646744513,1.4149733646716436,1.4149733646416205,1.4149733646739773,1.4149733646744516,1.414973364673918,1.4149733644327198,1.414973364138272,Old Reactions,1.633468465679458
2.7.7.60-RXN,2.5378190963320986,2.537819096892485,2.38201704437697,2.5378190996901226,2.5378191105116725,2.537819096585296,2.5378190963320986,2.537819096695071,2.5378192392611623,2.5378191314954393,Old Reactions,3.394101302215305
2.8.1.6-RXN,0.3010302128111679,0.30103021281106046,0.3010302128111678,0.30103021281053394,0.3010302128025043,0.3010302128110629,0.3010302128111679,0.30103021281105025,0.3010302127566623,0.30103021275741504,Old Reactions,2.354108441069058
2.9.1.1-RXN,-6.0,-6.0,-6.0,-6.0,-6.0,-6.0,-6.0,-6.0,-6.0,-6.0,New Reactions,-6.0
3-DEHYDROQUINATE-SYNTHASE-RXN,4.147459895878031,3.9688638479247618,4.09636315032679,4.0690969397280305,4.107917550845924,4.095582355888779,4.101239949973238,4.093739911770583,4.104195799973241,4.085541264755713,Old Reactions,4.03642926566661
3-ISOPROPYLMALDEHYDROG-RXN__3-ISOPROPYLMALDEHYDROG-CPLX,-6.0,-6.0,-6.0,-6.0,-6.0,-6.0,-6.0,-6.0,-6.0,-6.0,Old Reactions,4.769953049235664
3-ISOPROPYLMALDEHYDROG-RXN__G6986-MONOMER,-6.0,-6.0,-6.0,-6.0,-6.0,-6.0,-6.0,-6.0,-6.0,-6.0,Old Reactions,0.7781513227660513
3.1.3.68-RXN[CCO-CYTOSOL]-2-DEOXY-D-GLUCOSE-6-PHOSPHATE/WATER//2-DEOXY-D-GLUCOSE/Pi.71.__G6932-MONOMER,-6.0,-6.0,-6.0,-6.0,-6.0,-6.0,-6.0,-6.0,-6.0,-6.0,New Reactions,4.394959228503691
3.1.3.74-RXN[CCO-CYTOSOL]-PYRIDOXAL_PHOSPHATE/WATER//PYRIDOXAL/Pi.53.__EG11239-MONOMER,-6.0,-5.400509704804487,-5.999973618024543,-4.725373161058758,-3.943339271672644,-5.523841908046457,-5.9999999999991855,-5.44682670382495,-3.037039684773458,-3.3113248228322663,Old Reactions,2.0827853739056605
3.1.3.74-RXN[CCO-CYTOSOL]-PYRIDOXAL_PHOSPHATE/WATER//PYRIDOXAL/Pi.53.__EG11470-MONOMER,-6.0,-5.400399346648895,-5.999973618025274,-4.7252551029954155,-3.943327077504923,-5.523841845365223,-5.9999999999991855,-5.446832737769796,-3.038000875483839,-3.311950715094174,Old Reactions,2.564666065435453
3.1.3.74-RXN[CCO-CYTOSOL]-PYRIDOXAL_PHOSPHATE/WATER//PYRIDOXAL/Pi.53.__G6246-MONOMER,-6.0,-5.400399345988907,-5.999973618009158,-4.725254390498048,-3.9411993209410454,-5.523850001774965,-5.9999999999991855,-5.44677889516802,-3.0380506112826597,-3.312052322949465,Old Reactions,0.3010302128111679
3.4.11.18-RXN,-6.0,-6.0,-6.0,-6.0,-6.0,-6.0,-6.0,-6.0,-6.0,-6.0,Old Reactions,4.6981527622702615
3.5.1.88-RXN,-6.0,-6.0,-6.0,-6.0,-6.0,-6.0,-6.0,-6.0,-6.0,-6.0,Old Reactions,5.748758439280037
3.6.1.41-RXN,-6.0,-5.764523868315636,-5.999993406503375,-5.2749778887304055,-4.547740483419926,-5.829137307090198,-5.999999999999803,-5.789920235608305,-3.653684752429871,-3.924645960066971,Old Reactions,4.723250380391312
325-BISPHOSPHATE-NUCLEOTIDASE-RXN__EG10043-MONOMER,3.96232197277695,3.9623693357943046,3.8617135876311477,3.9623693361781207,3.9623693384396703,3.962369335766111,3.9623693357173857,3.9623693357813004,3.962369358020606,3.861713343574668,Old Reactions,3.157154440208715
4-NITROPHENYLPHOSPHATASE-RXN__ALKAPHOSPHA-CPLX,-6.0,-6.0,-6.0,-6.0,-6.0,-6.0,-6.0,-6.0,-6.0,-6.0,Old Reactions,2.9095560297760206
4.3.1.15-RXN,-6.0,-6.0,-6.0,-6.0,-6.0,-6.0,-6.0,-6.0,-6.0,-6.0,New Reactions,2.6730209080509653
5-NUCLEOTID-RXN[CCO-CYTOSOL]-XANTHOSINE-5-PHOSPHATE/WATER//XANTHOSINE/Pi.57.__EG11817-MONOMER,-6.0,-5.6154782285609395,-5.999986959749573,-5.027983068814012,-4.256143489189351,-5.709238077418728,-5.999999999999611,-5.651490706918601,-3.3542168596929294,-3.1012470695702437,Old Reactions,4.713414934000062
6PFRUCTPHOS-RXN__6PFK-1-CPX,5.479153334330655,5.108927117367366,5.053178358157073,5.059421094746575,5.053178357028258,-5.706879185360475,-5.9999999999996065,-5.6489299445204315,-3.353753336914583,-3.61552587522241,Old Reactions,5.053178358157073
6PFRUCTPHOS-RXN__6PFK-2-CPX,-6.0,-6.0,-6.0,-6.0,-6.0,-6.0,-6.0,-6.0,-6.0,-6.0,Old Reactions,3.9469432707468983
7-ALPHA-HYDROXYSTEROID-DEH-RXN,-6.0,-6.0,-6.0,-6.0,-6.0,-6.0,-6.0,-6.0,-6.0,-6.0,Old Reactions,5.235939821786761
ACETALD-DEHYDROG-RXN__MHPF-MONOMER,-6.0,3.946612829743394,-5.8034097683012655,3.5271655382864986,-0.8529414939175303,2.382017046391099,2.38201704437692,2.3820176125145243,1.0678647027156516,0.15036197777485538,New Reactions,2.38201704437692
ACETOLACTSYN-RXN__ACETOLACTSYNI-CPLX,4.640063836539761,4.447133603492164,4.082181196573939,4.4769748210089,4.445666505677534,4.482214976564018,4.500860121470171,4.482625470913575,4.494851480442516,4.496818056825639,Old Reactions,3.9237101944483324
ACETOLACTSYN-RXN__ACETOLACTSYNII-CPLX,-6.0,4.19441933554834,3.561557076470495,4.135296392526877,4.197205800722542,4.123559858116728,4.077714197567645,4.122620948512735,4.093371573794973,4.088297851856399,Old Reactions,-6.0
ACETOOHBUTSYN-RXN__ACETOLACTSYNII-CPLX,-6.0,-6.0,-6.0,-6.0,-6.0,-6.0,-6.0,-6.0,-6.0,-6.0,Old Reactions,-6.0
ACETYLORNDEACET-RXN,4.138492167181547,4.138492167259842,4.138492167181548,4.138492167650321,4.138492170120887,4.1384921672336885,4.138492167181547,4.138492167249169,4.138492190933512,4.138492163393692,Old Reactions,4.909358091340617
ADENINE-DEAMINASE-RXN,-6.0,-5.4921025984666185,-5.999979779941569,-4.826363831957586,-4.077024836290025,-5.60419658607792,-5.999999999999382,-5.534858111484356,-3.1553781699979893,-2.7344675161480936,Old Reactions,2.1398790895482978
ADENOSYLHOMOCYSTEINE-NUCLEOSIDASE-RXN,1.90848502424031,1.9030899982298135,1.6127838673128152,1.9030900271969944,1.9030902111593737,1.9030899955721043,1.9030899924206244,1.90308999649912,1.9030915051582933,1.903090791678508,Old Reactions,3.262451089967749
ADENPHOSPHOR-RXN__DEOD-CPLX,-6.0,3.792135162089251,-5.590902544313509,3.015705895707514,0.11119757409066666,-2.2524747223355286,-5.999999998492009,-1.6058820889195853,0.45849668084756495,0.3478394661307235,Old Reactions,0.8450981020563213
ADENYLATECYC-RXN,0.3010302128111679,0.30103036918679194,0.30103021281446446,0.3010311506343842,0.30103615773018394,0.30103031746646114,0.3010302128111679,0.3010303480511076,0.3010787623104725,0.3010537394537409,Old Reactions,2.049218026547811
ADENYLOSUCCINATE-SYNTHASE-RXN,4.215135045506725,4.216241101654107,-5.999993407194403,4.218325899992298,4.215136734611297,4.215135076067615,4.215135045506716,4.215135083510324,4.215147973676323,4.215889431273273,Old Reactions,3.6758699554105605
ADENYLYLSULFKIN-RXN,3.96232197277695,3.962369335726148,3.861713587631146,3.962369335770085,3.962369335853296,3.9623693357204823,3.9623693357173857,3.9623693357224354,3.962369337081929,3.8617133295115855,Old Reactions,4.174147065126113
ALARACECAT-RXN__CPLX0-8202,1.4313637802439678,3.8711470746529963,3.0944711289909703,3.1416719551063923,2.3709362558946787,2.411908007387312,2.45226302835872,2.334157362508376,2.366094538250392,2.3596288277095367,Old Reactions,3.094471128991037
ALARACECAT-RXN__CPLX0-8202 (reverse),-6.0,3.865422741988091,-5.802043042386245,3.100976414711693,2.319971068148173,2.365808576545522,2.4104579026637585,2.278416524335881,2.3071819609093613,2.307408262431505,Old Reactions,2.4927603904232827
ALCOHOL-DEHYDROG-RXN__CPLX0-8015,-6.0,3.8886267105188512,3.1890924507605827,3.274959287120937,3.169054418217264,3.1578843018539593,3.1676692157884276,3.1786712579774337,3.1478756170835265,3.181003649767145,Old Reactions,3.351989455628738
ALCOHOL-DEHYDROG-RXN__CPLX0-8015 (reverse),-6.0,3.9154133659835306,3.189092450760749,3.4412223732964655,3.1690542268938278,3.1578843019272753,3.1676692157884276,3.1786712679691305,3.14787807137174,3.181066790880651,Old Reactions,3.7347998296688276
AMINOBUTDEHYDROG-RXN__CPLX0-3641,-6.0,-5.764590606379869,-5.999993407018076,-5.27513767386864,-4.547642772253203,-5.82925007022761,-5.999999999999804,-5.789317686665045,-3.655395522248236,-3.9125838801054034,Old Reactions,2.021189303206076
AMINOCYL-TRNA-HYDROLASE-RXN__EG10785-MONOMER,-6.0,-6.0,-6.0,-6.0,-6.0,-6.0,-6.0,-6.0,-6.0,-6.0,Old Reactions,2.9180303373093905
AMP-DEPHOSPHORYLATION-RXN[CCO-PERI-BAC]-AMP/WATER//ADENOSINE/Pi.38.__APHA-CPLX,-6.0,-6.0,-6.0,-6.0,-6.0,-6.0,-6.0,-6.0,-6.0,-6.0,Old Reactions,2.3384564955967813
ANTHRANSYN-RXN,-6.0,-5.612499961733165,-5.999986810672502,-5.01660858245709,-4.245643232867497,-5.706708949488597,-5.999999999999606,-5.648814833492275,-3.351344973725976,-3.6286472007056245,Old Reactions,4.7846957295515145
ASNSYNA-RXN__ASNSYNB-CPLX,-6.0,-6.0,-6.0,-6.0,-6.0,-6.0,-6.0,-6.0,-6.0,-6.0,Old Reactions,2.3802112435211664
ASNSYNB-RXN,-6.0,-5.6125961781144245,-5.999986812063756,-5.016755042619918,-4.251580016872694,-5.706879194244099,-5.9999999999996065,-5.648959099922798,-3.351660380620235,-3.627779122435439,Old Reactions,2.8169038400376945
ASPAMINOTRANS-RXN__ASPAMINOTRANS-DIMER,4.958525659808141,5.837478942508592,5.687152878002243,5.722843202153462,5.7477355309536104,5.796710278476318,5.7675542273209865,5.776503199673798,5.695433015667157,5.738426506199749,Old Reactions,5.835264944604735
ASPAMINOTRANS-RXN__ASPAMINOTRANS-DIMER (reverse),-6.0,5.641041516255412,5.7503633073205735,5.541660060173082,5.596310285356745,5.588616663310496,5.536891081493445,5.552997204015147,5.51118875800646,5.466999505707088,Old Reactions,6.312555189085725
ASPAMINOTRANS-RXN__TYRB-DIMER,-6.0,-6.0,-6.0,-6.0,-6.0,-6.0,-6.0,-6.0,-6.0,-6.0,Old Reactions,4.84352553221759
ASPARAGHYD-RXN[CCO-PERI-BAC]-ASN/WATER//L-ASPARTATE/AMMONIUM.46.,-6.0,-5.746531515204419,-5.9999926678402336,-5.2403367273152215,-4.50455926410045,-5.814896691242844,-5.999999999999783,-5.773102982836877,-3.610786992920107,-3.877100393805914,Old Reactions,2.2787536032385893
ASPARTASE-RXN,-6.0,4.215575680897889,3.515276030896973,3.3999099287509003,-0.8259782714135017,-2.6168836788973464,-5.999999999078488,-2.519132052479398,0.06562770705442028,0.2339906317029105,Old Reactions,3.7895102041607682
ASPARTATEKIN-RXN__ASPKINIHOMOSERDEHYDROGI-CPLX,-6.0,-6.0,-6.0,-6.0,-6.0,-6.0,-6.0,-6.0,-6.0,-6.0,Old Reactions,4.129367595755228
ASPCARBTRANS-RXN,4.362953458963115,4.362953458967014,4.362953458963115,4.362953458986637,4.362953459108627,4.362953458965333,4.362953458963115,4.362953458966,4.362953461907676,4.36295345993904,Old Reactions,5.903058499501113
ATPSYN-RXN,-6.0,5.098220889498714,-5.8900861174659624,4.750172797352087,-0.8496668715046447,-2.9177062871753128,-5.999999999539215,-2.8185762325363943,0.38464976102484183,0.20929850483117418,Old Reactions,5.678265194424568
ATPSYN-RXN (reverse),6.327405529130143,6.353106238198008,5.4557430751126095,6.339583273870691,6.328258698722838,6.414011961952918,6.423920891988728,6.419560203455709,6.376996059004706,6.370799117305718,Old Reactions,4.153570981464274
BIOTIN-CARBOXYL-RXN,1.07918128223883,1.0413934074112567,1.0413927247042096,1.041396886179155,1.041406445916235,1.0413929825129968,1.0413927246395398,1.0413930929409607,1.0415006917235046,1.0414258312688354,Old Reactions,2.3242824573559604
BRANCHED-CHAINAMINOTRANSFERILEU-RXN,-6.0,-6.0,-6.0,-6.0,-6.0,-6.0,-6.0,-6.0,-6.0,-6.0,Old Reactions,2.6138418229327467
BRANCHED-CHAINAMINOTRANSFERLEU-RXN__BRANCHED-CHAINAMINOTRANSFER-CPLX,-6.0,3.6691127248918805,-5.801979449626292,2.7571006290228857,-0.7330325195180294,-2.6169510923329042,-5.9999999990782795,-2.4949854149499244,0.8385722998890828,0.47630342748540744,Old Reactions,1.7708520190030674
BRANCHED-CHAINAMINOTRANSFERVAL-RXN,-6.0,3.6878879751523126,-5.801624886547932,2.1365892109395768,-0.770339714055212,-2.616235200055183,-5.999999999078268,-2.4772702283448087,0.8385063994436619,0.47673219841396897,Old Reactions,1.9294189308236396
CARBPSYN-RXN,-6.0,-5.61257342988668,-5.999991742691106,-5.016726461282124,-4.252083886366909,-5.706879187104337,-5.9999999999996065,-5.648962977888845,-3.3517464724688057,-3.6265119420218688,Old Reactions,4.059108817951497
CATAL-RXN__CPLX0-1683,-6.0,0.48132195148733586,0.4769577364080566,0.47802081730942836,0.39138271493157983,0.4766740781072613,0.4769291806673387,0.47671488092486136,0.3166425645191708,0.3574092808653137,Old Reactions,3.7292458073063166
CATAL-RXN__HYDROPEROXIDI-CPLX,0.7781513227660513,0.4713550401164491,0.47728491899345704,0.4622124748557101,0.3918413346324019,0.477226216017247,0.47731353326314513,0.47714227822838573,0.31689363128180426,0.35761295590012676,Old Reactions,6.217110553700747
CHORISMATEMUT-RXN__CHORISMUTPREPHENDEHYDRAT-CPLX,4.078927833716932,3.7312856177104488,3.6867790088092183,3.7140027194584104,3.6411840098815467,3.693396061126793,3.688563619621288,3.684157420162106,3.6953180231794582,3.6750208214436797,Old Reactions,4.239249413501758
CHORISMATEMUT-RXN__CHORISMUTPREPHENDEHYDROG-CPLX,-6.0,3.8200543284782214,3.8532358376847964,3.833650580608441,3.88177966709462,3.848667030107437,3.852015192389377,3.8550137417751795,3.8473177275078103,3.861071827354781,Old Reactions,4.707621266569648
CHORPYRLY-RXN,1.2787536238104327,1.2787536238100314,0.778151322766053,1.2787536238080368,1.2787536237836916,1.278753623810031,1.2787536238104327,1.278753623809984,1.2787536236139343,1.2787536234722543,Old Reactions,1.9138138576799908
CITSYN-RXN,5.302424012741829,5.30324807674802,-5.999986811367279,5.303248077662254,5.30324808346902,5.642069734290739,5.600056007752593,5.61947369396634,5.472055823400519,5.830753861545752,Old Reactions,3.356408327230132
CPM-KDOSYNTH-RXN,-6.0,-5.7888819386462655,-5.999999050736201,-5.31072891149758,-5.341824364612147,-5.981908684734254,-5.999999999999958,-5.964995336795498,-4.424939065508065,-5.416016455596091,Old Reactions,3.7131544019213663
CTPSYN-RXN,-6.0,-5.61260522553088,-5.999986811368107,-5.0167742769162675,-4.252139984394427,-5.70679409174147,-5.9999999999996065,-5.648828440551587,-3.351422085466794,-3.626571482317979,Old Reactions,3.4739246935619916
CYTDEAM-RXN,-6.0,-5.609489743598098,-5.999986813065432,-3.8756221466413003,-4.1976614162279775,-5.707027176279746,-5.9999999999996065,-5.593485223509038,-3.060103117155326,-3.2688822217936044,Old Reactions,2.6106601641543272
DAHPSYN-RXN__AROF-CPLX,4.147459895878031,3.774248319233579,3.6990686978740284,3.736540958732161,3.641501412120771,3.6986520296958534,3.6963480799073047,3.693813199892797,3.643133779241831,3.682189144998697,Old Reactions,4.200959878419187
DAHPSYN-RXN__AROG-CPLX,-6.0,3.9083069443408642,3.955633093175933,3.9340531673740706,3.9850996041100544,3.9564882436275304,3.957755462307075,3.959137729135801,3.9843575984327924,3.965319875701436,Old Reactions,5.0757257517285375
DAHPSYN-RXN__AROH-CPLX,-6.0,-6.0,-6.0,-6.0,-6.0,-6.0,-6.0,-6.0,-6.0,-6.0,Old Reactions,4.0929310757086155
DALADALALIG-RXN__DALADALALIGA-MONOMER,1.1139433857141032,0.8129190385624576,0.8133048441560183,0.8128661759650885,0.8138345341383989,0.8136681593091097,0.8138025559539823,0.8134919527833836,0.813775320814564,0.8133440666718788,Old Reactions,3.4235735198964967
DALADALALIG-RXN__DALADALALIGB-CPLX,-6.0,0.8129080033988481,0.8125216496652805,0.8129618351086902,0.8119977612200358,0.812157503966001,0.8120224669019155,0.812334290917789,0.812109981443173,0.8125102357612447,Old Reactions,3.0261245171543907
DAPASYN-RXN,0.3010302128111679,0.30103021281106046,0.3010302128111678,0.30103021281053394,0.3010302128025043,0.3010302128110629,0.3010302128111679,0.30103021281105025,0.3010302127566623,0.30103021275741504,Old Reactions,1.1760912880086458
DARAB5PISOM-RXN__CPLX0-1262,-6.0,3.8489693962616003,2.9742873201468876,3.1412162843206692,2.991716003486806,2.998889368291736,2.994406462614786,2.9977003450513444,2.992931555882004,2.991241370325054,Old Reactions,3.2929202998212466
DARAB5PISOM-RXN__CPLX0-1262 (reverse),-6.0,3.8733191500190656,3.077229788499509,3.224534806411276,3.0812152169843805,3.0910688537040683,3.0908607569489144,3.093449682998443,3.087129624831443,3.087026376598637,Old Reactions,3.4003652735226892
DARAB5PISOM-RXN__CPLX0-3929,-6.0,3.8779522959488197,2.737909948970119,3.167431719472277,2.7311377506997276,2.7406715218154476,2.741299098615486,2.7426492361695343,2.740283290057527,2.7405696122491183,Old Reactions,3.037426498339059
DARAB5PISOM-RXN__CPLX0-3929 (reverse),-6.0,3.853868229432943,2.469520802941934,3.0710111012589008,2.496809930615151,2.497671529325037,2.4852679052380053,2.4879048159680877,2.4935851059568006,2.489146422871208,Old Reactions,2.8034571163312667
DCTP-DEAM-RXN,-6.0,-5.756579041529713,-5.999991037359023,-5.2620469234637115,-4.528580183515164,-5.876281715307063,-5.9999999999998685,-5.846184665338367,-3.7352872277121145,-4.03025459515989,Old Reactions,1.1461280666992713
DCYSDESULF-RXN,-6.0,-6.0,-6.0,-6.0,-6.0,-6.0,-6.0,-6.0,-6.0,-6.0,Old Reactions,3.8529676910897463
DEOXYRIBOSE-P-ALD-RXN,-6.0,4.277175981518383,-5.802441081606014,4.166794064764983,-0.8242141976671754,-2.61684467385602,-5.999999999078423,-2.5215610419929666,0.11360127813277314,0.1362448102365108,Old Reactions,4.634819734005247
DGTPTRIPHYDRO-RXN,-6.0,-5.664476943480925,-5.999987052219432,-5.101685586567754,-4.342790878968271,-5.808655032213402,-5.999999999999774,-5.765304135394904,-3.526472295555461,-3.7420838178135507,Old Reactions,4.270376005235325
DHBAMPLIG-RXN,-6.0,-6.0,-6.0,-6.0,-6.0,-6.0,-6.0,-6.0,-6.0,-6.0,Old Reactions,3.700444101114316
DHBDEHYD-RXN,1.763428001050773,1.7558748632916126,1.7558748632916927,1.755874863291218,1.755874863286,1.7558748632915644,1.7558748632916927,1.755874863291567,1.7558748633082364,1.7558748632513819,Old Reactions,4.2995944539467095
DIAMINOPIMEPIM-RXN,4.107413497522062,4.206541658790712,4.107413497531826,4.123459925119793,4.10741601009469,4.107413538491258,4.107413497522062,4.10741354854346,4.107433287243761,4.107434506801209,Old Reactions,3.752125307374751
DIAMINOPIMEPIM-RXN (reverse),-6.0,3.516332662806065,-5.890121840043977,2.683055461643228,-1.1303885633813866,-2.9177090885308057,-5.999999999539234,-2.82249141509733,-0.2340695242509541,-0.20802190483098168,Old Reactions,3.7058637123694105
DIHYDRODIPICSYN-RXN,4.107888025216675,4.1078880252389505,4.107888025216675,4.10788802535005,4.107888026045801,4.107888025231299,4.107888025216675,4.107888025235643,4.10788803199947,4.107888028765661,Old Reactions,4.577434349688978
DIHYDROOROT-RXN,-6.0,4.880591422408499,4.781023307189877,4.726379311476467,4.860013088477447,4.7532833238678665,4.766531895899039,4.778939729782218,4.760819194985684,4.7796874045807805,Old Reactions,5.348347706132331
DIHYDROOROT-RXN (reverse),4.361501188480553,4.995411984460347,4.92109368418549,4.882213193777819,4.979702122808143,4.901179679375743,4.910645803236064,4.919585509108768,4.906553963787735,4.920126475842386,Old Reactions,5.038910124576921
DIHYDROURACIL-DEHYDROGENASE-NAD+-RXN,-6.0,-6.0,-6.0,-6.0,-6.0,-6.0,-6.0,-6.0,-6.0,-6.0,Old Reactions,0.3010302128111679
DIHYDROURACIL-DEHYDROGENASE-NAD+-RXN (reverse),-6.0,-6.0,-6.0,-6.0,-6.0,-6.0,-6.0,-6.0,-6.0,-6.0,Old Reactions,0.3010302128111679
DTDPGLUCDEHYDRAT-RXN__DTDPGLUCDEHYDRAT-CPLX,-6.0,-6.0,-6.0,-6.0,-6.0,-6.0,-6.0,-6.0,-6.0,-6.0,Old Reactions,2.672097858859748
DUTP-PYROP-RXN__DUTP-PYROP-CPLX,-6.0,-5.531100901499752,-5.99997741021335,-4.896640849871163,-4.122932354501574,-5.722411196805816,-5.999999999999612,-5.665805596052468,-3.306888569635224,-3.592346092119114,Old Reactions,3.6894864484530245
DUTP-PYROP-RXN__G7164-MONOMER,-6.0,-5.531100752216435,-5.999977410213954,-4.896637284082916,-4.122935954471832,-5.722411212134521,-5.999999999999612,-5.665804683530211,-3.3068835992702006,-3.592351089474881,Old Reactions,2.5976951870222154
DXPREDISOM-RXN (reverse),2.5378190963320986,3.9381809985867338,2.3820170454057044,3.2325658007485027,2.538012855301242,2.5378221373008047,2.5378190963320986,2.5378229112786057,2.5395575013756777,2.5391308820919773,Old Reactions,3.1139433526409093
DXS-RXN,2.5658478198536656,2.5670263678599397,2.4232458755757,2.5670263704755727,2.5670263805929547,2.5670263675727294,2.5670263673360103,2.567026367675364,2.567026500970787,2.567026400207627,Old Reactions,4.213092551279072
ERYTH4PDEHYDROG-RXN,-6.0,-5.879292186833743,-5.999977378215663,-5.535023026574642,-4.928857896623973,-5.935221262217758,-5.999999999999931,-5.9160589167495266,-4.068782712374813,-4.363402996842809,Old Reactions,3.2664668956753764
ERYTHRON4PDEHYDROG-RXN,-6.0,-5.879292186833743,-5.999977378215663,-5.535023026574642,-4.928857896623973,-5.935221262217758,-5.999999999999931,-5.9160589167495266,-4.068782712374813,-4.363402996842809,Old Reactions,2.3222192968019884
F16ALDOLASE-RXN__FRUCBISALD-CLASSI,-6.0,-6.0,-6.0,-6.0,-6.0,-6.0,-6.0,-6.0,-6.0,-6.0,Old Reactions,1.2552725292307767
F16ALDOLASE-RXN__FRUCBISALD-CLASSII,5.477947076227267,5.136980231887445,5.04995414802666,5.059778664334073,5.049954336913234,-2.616857878709337,-5.999999999078471,-2.5220680131172943,0.07300083687495357,-0.02252168935753117,Old Reactions,4.778758837453762
F16BDEPHOS-RXN[CCO-CYTOSOL]-FRUCTOSE-16-DIPHOSPHATE/WATER//FRUCTOSE-6P/Pi.59.__CPLX0-303,-6.0,-5.612772610949734,-5.999986813454757,-5.017036945665132,-4.254532096644272,2.4756711910009077,2.4756711897769197,2.475671317841196,2.485723773314951,2.477277823149469,Old Reactions,2.4756711897769197
F16BDEPHOS-RXN[CCO-CYTOSOL]-FRUCTOSE-16-DIPHOSPHATE/WATER//FRUCTOSE-6P/Pi.59.__CPLX0-7776,-6.0,-5.612772611386971,-5.999986813448481,-5.0170366543987495,-4.2535366496725935,0.6989916037001868,0.6989700911949065,0.6987028980469674,0.6267282487699233,0.7403766153691551,Old Reactions,0.6989700911949065
F16BDEPHOS-RXN[CCO-CYTOSOL]-FRUCTOSE-16-DIPHOSPHATE/WATER//FRUCTOSE-6P/Pi.59.__EG11239-MONOMER,-6.0,-5.612772608915704,-5.999986813454623,-5.017038332998625,-4.254530189796963,3.224274014589793,3.2242740145533832,3.2242740191780577,3.22429740415024,3.2243522894135634,Old Reactions,3.2242740145533832
F16BDEPHOS-RXN[CCO-CYTOSOL]-FRUCTOSE-16-DIPHOSPHATE/WATER//FRUCTOSE-6P/Pi.59.__F16B-CPLX,-6.0,-5.6127726024781515,-5.9999868134545995,-5.017040508474924,-4.254529546420121,3.7989957345147247,3.798995734512872,3.7989957340620184,3.7989964123516002,3.799002303820609,Old Reactions,3.798995734512872
FGAMSYN-RXN,4.413651752080454,4.41366850630251,1.0791812822390783,4.4136685063187775,4.413668506437726,4.41366850630087,4.4136685062992225,4.4136685063016925,4.41366852495446,4.414137482659203,Old Reactions,1.491361707843772
FORMATEDEHYDROG-RXN-FORMATE/CPD-9728/PROTON//CARBON-DIOXIDE/REDUCED-MENAQUINONE/PROTON.67.__FORMATEDEHYDROGN-CPLX,-6.0,-5.53477864495168,-5.999982415273634,-4.903441515934546,-4.130556401962062,-5.640911683039616,-5.999999999999475,-5.575113130053432,-3.2272475555378244,-3.491788530406679,Old Reactions,-6.0
FRUCTOKINASE-RXN,-6.0,-5.700152104884309,-5.999990883795357,-5.157763084573468,-4.411579457222654,-5.778321413709074,-5.999999999999728,-5.7306054130576145,-3.5138171411759327,-3.785108552614082,Old Reactions,3.196176185316418
FUCPALDOL-RXN,-6.0,-6.0,-6.0,-6.0,-6.0,-6.0,-6.0,-6.0,-6.0,-6.0,Old Reactions,1.4623980128746277
FUMHYDR-RXN__FUMARASE-A,-6.0,5.42577376423763,5.60210884671019,5.387249427750179,5.361004940738833,-2.616832544083866,4.02557212408303,3.870364285899152,5.251827725542493,4.348520317518206,Old Reactions,5.602108846710198
FUMHYDR-RXN__FUMARASE-A (reverse),-6.0,5.12936696520102,-5.801311992227569,5.117867481061721,5.108019015225542,5.463600375936333,5.44141616295825,5.455694169138036,5.208275427824342,5.438369467032991,Old Reactions,5.463600375936706
FUMHYDR-RXN__FUMARASE-C,-6.0,4.327345680230606,4.360100908775771,4.120697623047417,4.002665100809452,-2.616835469045944,3.895584362135981,3.3673291727498107,4.037806154332687,3.773581977085743,Old Reactions,4.360100908775915
FUMHYDR-RXN__FUMARASE-C (reverse),-6.0,4.396746796563535,-5.8013121722675915,4.60430086945657,4.580148911756082,4.8916879572838,4.816868485503602,4.874896963445207,4.636014199507551,4.837548792064261,Old Reactions,4.8916879572851215
GABATRANSAM-RXN__G6646-MONOMER,-6.0,3.791863748494936,-5.699622211524778,3.025413452501853,-0.595032575358193,-2.378463048053077,-5.999999998403643,-2.28402599896067,-0.024356712728494496,0.18245351515062852,Old Reactions,2.736396503073513
GALACTURIDYLYLTRANS-RXN,-6.0,4.317346444189036,4.067870389868064,4.042115728715827,3.951242945543812,4.101096033052233,4.157645335232727,4.160138633569699,4.047440062888571,3.9763119298466467,Old Reactions,4.809478908151509
GALACTURIDYLYLTRANS-RXN (reverse),-6.0,4.317346444189036,4.067870389868064,4.042115728715827,3.9512429455438123,4.101096033052233,4.157645335232727,4.160138633569699,4.047440062888548,3.9763119298466454,Old Reactions,4.160198326146601
GART-RXN-10-FORMYL-THF/5-PHOSPHO-RIBOSYL-GLYCINEAMIDE//THF/5-P-RIBOSYL-N-FORMYLGLYCINEAMIDE/PROTON.90.,4.413651752080454,4.6414584232322085,-5.80263640653748,4.476560899538165,4.41367097803775,-2.6168563202284014,-5.999999999078456,-2.5165050457236937,4.413688352541083,4.414153312580879,Old Reactions,4.951954031774933
GARTRANSFORMYL2-RXN,-6.0,-5.412058682495235,4.379688075406758,-4.740106005301652,-3.945143320613198,4.727269502267841,4.7462604515196265,4.746260419056965,-3.0502950965676505,-3.2914476185233807,Old Reactions,4.69481571493381
GKI-RXN__GKI-MONOMER,-6.0,-5.612674589508619,-5.999986816245982,-5.016832644463785,-4.255069976828883,-5.707134111870354,-5.9999999999996065,-5.649115455971983,-3.355042256001116,2.2287103639850883,Old Reactions,2.2304489239329475
GLUC1PADENYLTRANS-RXN,3.9376683144491373,3.937668314457614,4.3433121973707714e-07,3.9376683144999274,3.9376683141645685,3.937668314441558,3.9376683144491373,3.9376683144442346,3.827758354168434,8.084289195934535e-06,Old Reactions,4.320478633178381
GLUCARDEHYDRA-RXN,-6.0,-6.0,-6.0,-6.0,-6.0,-6.0,-6.0,-6.0,-6.0,5.763311064799305,New Reactions,2.669316881496079
GLUCOSE-1-PHOSPHAT-RXN[CCO-CYTOSOL]-GLC-1-P/WATER//ALPHA-GLUCOSE/Pi.45.__EG11850-MONOMER,-6.0,-5.6127524089802625,-5.999985407462655,-5.01694270522068,-4.254638911170524,-5.621817891643865,-5.9999999999994325,-5.55402055125505,-3.195612021654475,-3.4670978030532567,Old Reactions,2.5820633640486053
GLUCOSE-1-PHOSPHAT-RXN[CCO-CYTOSOL]-GLC-1-P/WATER//GLC/Pi.35.__EG11850-MONOMER,-6.0,-5.6127544785051535,-5.999985407462719,-5.0169371467287585,-4.254648360195905,-5.62181792045165,-5.9999999999994325,-5.5540210760138295,-3.195612133861627,-3.4671031407423842,Old Reactions,2.5820633640486053
GLUCOSE-1-PHOSPHAT-RXN[CCO-CYTOSOL]-GLC-1-P/WATER//Glucopyranose/Pi.45.__EG11850-MONOMER,-6.0,-5.612751090548567,-5.99998540746255,-5.016938341791868,-4.25463989495879,-5.621817875038172,-5.9999999999994325,-5.554020701218769,-3.1956122319206903,-3.4670997028344788,Old Reactions,2.5820633640486053
GLUCOSE-1-PHOSPHAT-RXN[CCO-PERI-BAC]-GLC-1-P/WATER//ALPHA-GLUCOSE/Pi.46.__GLUCOSE-1-PHOSPHAT-CPLX,-6.0,-6.0,-6.0,-6.0,3.5322448329978546,-6.0,-6.0,-6.0,-6.0,-6.0,New Reactions,3.532244643754091
GLUCOSE-1-PHOSPHAT-RXN[CCO-PERI-BAC]-GLC-1-P/WATER//GLC/Pi.36.__GLUCOSE-1-PHOSPHAT-CPLX,-6.0,-6.0,-6.0,-6.0,3.532246509588396,-6.0,-6.0,-6.0,-6.0,-6.0,New Reactions,3.532244643754091
GLUCOSE-1-PHOSPHAT-RXN[CCO-PERI-BAC]-GLC-1-P/WATER//Glucopyranose/Pi.46.__GLUCOSE-1-PHOSPHAT-CPLX,-6.0,-6.0,-6.0,-6.0,3.5322451050391965,-6.0,-6.0,-6.0,-6.0,-6.0,New Reactions,3.532244643754091
GLUCOSE-6-PHOSPHATASE-RXN__EG11470-MONOMER,-6.0,-5.612758572313758,-5.999985406610502,-5.01692868062774,-4.25448752440381,-5.621817893504761,-5.9999999999994325,-5.554026540165627,-3.195095885066955,-3.4669801886682383,Old Reactions,3.5016069225556583
GLUCUROISOM-RXN-CPD-15530//CPD-12537.21.,-6.0,-6.0,-6.0,-6.0,-6.0,-6.0,-6.0,-6.0,-6.0,-6.0,Old Reactions,4.38379741957461
GLURS-RXN-GLT-tRNAs/GLT/ATP/PROTON//Charged-GLT-tRNAs/AMP/PPI.52.,2.3304137753786045,2.334453753161207,2.3344537531615535,2.3344537531594862,2.3344537531398917,2.334453753161243,2.3344537531615535,2.334453753161214,2.3344537531335767,2.334453753040208,Old Reactions,3.9702073588533677
GLUTAMIN-RXN__ASNSYNB-CPLX,-6.0,-5.612711322448844,-5.99998681206373,-5.016940793744673,-4.254500928898828,-5.7068791896117705,-5.9999999999996065,-5.649009074509362,-3.3537607598049246,-3.625919051965219,Old Reactions,3.19200959293278
GLUTAMIN-RXN__CARBPSYN-CPLX,-6.0,-5.612711320259291,-5.999986812063713,-5.016941882932665,-4.254500210922523,-5.706879188179153,-5.9999999999996065,-5.649009109966373,-3.353761905648733,-3.6259020381400675,Old Reactions,3.4877038633050064
GLUTAMIN-RXN__CPLX0-7694,-6.0,-5.612711324510107,-5.9999868120640345,-5.016939421470977,-4.254506801367116,-5.70687921615235,-5.9999999999996065,-5.649004203170699,-3.353407589215699,-3.625676848170938,Old Reactions,2.173186271327002
GLUTAMIN-RXN__CPLX0-7695,-6.0,-5.612711323308098,-5.999986812063749,-5.016940212466803,-4.254501210345128,-5.706879191375554,-5.9999999999996065,-5.649008979123874,-3.3537571708603138,-3.625923076726928,Old Reactions,2.985426474532117
GLUTAMIN-RXN__CTPSYN-CPLX,-6.0,-5.612711323443615,-5.999986812063756,-5.016940117161123,-4.254501298051058,-5.706879191870469,-5.9999999999996065,-5.649008929359733,-3.353756373483034,-3.62592324020262,Old Reactions,2.9415114331313075
GLUTAMINESYN-RXN,4.778672091327059,4.778693779673332,3.9167170776514513,4.778693780621533,4.7786937867321395,4.7786937796099975,4.778693779483162,4.778693779647155,4.778693854007468,4.779098567089858,Old Reactions,4.460867786750117
GLUTDECARBOX-RXN__GLUTDECARBOXB-CPLX,1.591064618162255,1.5909414244564777,1.5910646117781333,1.589735196351883,1.589936360405348,1.5910377390228467,1.591064618162255,1.591029553305238,1.4818952022289062,1.5554684860929913,Old Reactions,2.311753863174264
GLUTDEHYD-RXN__GDHA-CPLX,-6.0,4.4615476833355165,-5.803274922336584,4.11093633235643,-0.8280070535741606,3.4804477201778146,-5.999999999078436,-2.5205847488385067,0.08700109396775202,4.4172825206661805,Old Reactions,4.927139293881005
GLUTRACE-RXN,-6.0,-5.406623482811474,-5.999985673819073,-4.733062358823019,-3.9528356775479563,-5.530293563373478,-5.999999999999202,-5.453774698784377,-3.0475029504481097,-3.3224562796337995,Old Reactions,3.5659658175646496
GLUTRACE-RXN (reverse),-6.0,-6.0,-6.0,-6.0,-6.0,-6.0,-6.0,-6.0,-6.0,-6.0,Old Reactions,3.836893516439659
GLYCEROL-KIN-RXN,-6.0,-5.612836293875956,-5.999986813460122,-5.017397718601526,-4.253715222251774,-5.706964572617936,-5.9999999999996065,-5.648964484374507,-3.357224851174524,-3.5940339690344967,Old Reactions,5.107613540234194
GLYCOLALD-DEHYDROG-RXN,-6.0,-6.0,-6.0,-6.0,-6.0,-6.0,-6.0,-6.0,-6.0,-6.0,Old Reactions,3.643551368661626
GLYOHMETRANS-RXN-SER/THF//GLY/METHYLENE-THF/WATER.33.,4.768601106963761,4.749064058681597,-5.802676195197607,4.771818405277988,4.768617002421694,3.475730066861216,-5.999999999078463,-2.5227852541294253,4.76862408535287,4.7618687403243944,Old Reactions,4.8207333251029985
GLYOXII-RXN__CPLX0-3954,-6.0,-5.711848955299205,-5.999999905494962,-5.178049430887334,-4.434196818495908,-5.832754804354436,-5.999999999999808,-5.794211663806858,-3.5368987564024104,-3.808858479260856,Old Reactions,2.173186271327002
GLYOXII-RXN__G6475-MONOMER,-6.0,-5.711848988098408,-5.999999905494962,-5.178050622620104,-4.434191811317496,-5.832754795011845,-5.999999999999808,-5.794213154988111,-3.537125132892438,-3.809018404814057,Old Reactions,4.671607845278619
GPH-RXN[CCO-CYTOSOL]-CPD-67/WATER//GLYCOLLATE/Pi.41.,-6.0,-6.0,-6.0,-6.0,-6.0,-6.0,-6.0,-6.0,-6.0,-6.0,New Reactions,4.39127040834884
GPH-RXN[CCO-PERI-BAC]-CPD-67/WATER//GLYCOLLATE/Pi.42.__GPH-MONOMER,-6.0,-6.0,-6.0,-6.0,-6.0,-6.0,-6.0,-6.0,-6.0,-6.0,New Reactions,4.39127040834884
GSPAMID-RXN,-6.0,-5.612689868622852,-5.999986812759383,-5.016907660527412,-4.254270303874201,-5.706794117391231,-5.9999999999996065,-5.648880432647152,-3.353279131118977,-3.6252694161106187,Old Reactions,2.3053513715965965
GSPSYN-RXN,-6.0,-5.612689868622852,-5.999986812759383,-5.016907660527412,-4.254270303874201,-5.706794117391231,-5.9999999999996065,-5.648880432647152,-3.353279131118977,-3.6252694161106187,Old Reactions,3.119915410587501
GTP-CYCLOHYDRO-II-RXN,1.518513953038326,1.5185139530380283,1.5185139530383258,1.5185139530365446,1.518513953020723,1.5185139530380103,1.5185139530383263,1.5185139530379672,1.5185139529593525,1.5185139528885725,Old Reactions,1.4313637802439678
GUANOSINE-DIPHOSPHATASE-RXN,-6.0,-5.612615943747134,-5.999986813454882,-5.016787115359262,-4.254430340405868,-5.70687921488988,-5.9999999999996065,-5.648979199687403,-3.353278592833378,-3.625314232860712,Old Reactions,2.187520723656557
H2NEOPTERINALDOL-RXN,1.3979400260438166,1.3979400260833,1.3979400260438166,1.3979400258812684,1.397940026279782,1.3979400259207357,1.3979400260438077,1.3979400260411954,1.3979392912257214,1.3979396370745816,Old Reactions,1.07918128223883
H2NEOPTERINP3PYROPHOSPHOHYDRO-RXN,1.3979400260438166,-2.4183249211624314,1.3979397635221318,-2.2142152170428955,1.381307549665805,1.3951429680014173,1.3979400260438077,1.3952910406991355,1.177183541189025,1.2356523211104655,Old Reactions,2.0413926891063565
HISTIDPHOS-RXN[CCO-CYTOSOL]-L-HISTIDINOL-P/WATER//HISTIDINOL/Pi.49.,3.5932860671312468,3.5932860671312468,3.5932860671312468,3.593286067131246,3.5932860671312414,3.5932860671312463,3.5932860671312468,3.5932860671312468,3.593286067131236,3.5932860671312667,Old Reactions,5.870626848312754
HOLO-ACP-SYNTH-RXN__HOLO-ACP-SYNTH-CPLX,-6.0,-5.82982311448358,-5.999995604672221,-5.412076012383842,-4.716625759090161,-5.879039988740222,-5.9999999999998685,-5.849444309640186,-3.828499734927374,-4.099504153032137,Old Reactions,1.9822712375634692
HOMOSERKIN-RXN,-6.0,-5.802517612877416,-5.999988695264437,-5.351935165102856,-4.639483725419286,-5.829052700218357,-5.999999999999803,-5.789854135418499,-3.750229775977572,-4.0190178752814445,Old Reactions,4.450633950612392
HOMSUCTRAN-RXN,3.737907923454049,3.737987326521806,3.737987326412831,3.7379873270768127,3.737987330417894,3.7379873264981818,3.737987326412827,3.737987326524101,3.7379873634044953,3.737987341541809,Old Reactions,4.1011969858997475
IGPSYN-RXN,3.2803506932737427,3.2803506932917053,3.2803506932737436,3.280350693381368,3.280350693847035,3.280350693282443,3.2803506932737427,3.280350693285416,3.2803506988566187,3.2803506953735266,Old Reactions,3.4985862089553015
IMP-DEHYDROG-RXN,4.1244390105891355,4.124439010398645,4.124439010589131,4.1244390093900405,4.124439003489633,4.124439010457232,4.1244390105891355,4.124439010419346,4.124438955426091,4.124439052621389,Old Reactions,3.882296800994601
INOPHOSPHOR-RXN__DEOD-CPLX,-6.0,-5.4904385387269725,-5.9999797749574055,-4.851920371843686,-4.075425584951206,-5.6029466413159925,-5.999999999999381,-5.533920146461488,-3.162411800199928,-2.7475404295249857,Old Reactions,5.037701331325337
INORGPYROPHOSPHAT-RXN[CCO-CYTOSOL]-PPI/WATER//Pi/PROTON.34.,5.220960143232535,5.220796018254358,5.111030514200286,5.220589175835457,5.220967980233528,5.220970165659879,5.220970587522899,5.220970187104643,5.215855873268952,5.192463602625463,Old Reactions,6.154890885335556
ISOCHORSYN-RXN__ENTC-MONOMER,-6.0,3.911104474336447,3.0001222131564123,3.297805404264309,2.9892814352839823,2.9846339094449763,2.976385485721344,3.00202174218402,2.9803826295668348,2.998565336403695,Old Reactions,3.5077209768205293
ISOCHORSYN-RXN__ENTC-MONOMER (reverse),-6.0,3.853572522842737,2.9900648264140552,3.1818009234654694,2.972653839129386,2.9698729059598485,2.961173115024468,2.9862405373037246,2.96887229056415,2.980691321782726,Old Reactions,3.172018809716814
ISOCHORSYN-RXN__MENF-CPLX,1.924279291232054,3.878833598351843,1.7788864543257294,3.0356748751842444,1.6674634343288643,1.7054083194660974,1.7024328148221193,1.6734928915679366,1.7739349837818106,1.6436106907288757,Old Reactions,2.025305869361888
ISOCITDEH-RXN,5.301821860738327,5.240909575197626,4.659583461993438,5.255690128603667,5.211301337639717,5.579853893543148,5.48523772213581,5.528882869717779,5.3639257943457475,5.802366244465028,Old Reactions,5.872634025275771
KDGALDOL-RXN,-6.0,-6.0,-6.0,-6.0,-6.0,-6.0,-6.0,-6.0,-6.0,5.76331148710176,Old Reactions,1.591064618162255
KDO-8PSYNTH-RXN,-6.0,-5.7888819386462655,-5.999999050736201,-5.31072891149758,-5.341824364612147,-5.981908684734254,-5.999999999999958,-5.964995336795498,-4.424939065508065,-5.416016455596091,Old Reactions,4.784938081389219
KDPGALDOL-RXN,-6.0,-5.27435075392469,-5.999960432210024,-4.571147063026654,-3.781328268223338,-5.503858928232051,-5.999999999999129,-5.425455548193924,5.600483885657599,-3.2557922308114864,Old Reactions,4.806905453790669
KETOGLUTREDUCT-RXN (reverse),-6.0,3.894408997837115,-5.667285604879272,3.0840114327348913,0.6891195302076982,0.7207589333410884,0.8792801442470077,0.850228802441604,0.541608071586895,0.8005165331530822,Old Reactions,2.867467488448325
L-ASPARTATE-OXID-RXN,-6.0,-5.612315929985562,-5.999999953671519,-5.010004155956677,-4.232125630031896,-5.706409325907561,-5.999999999999606,-5.644439333257853,-3.3475585921157265,-3.554849996497983,Old Reactions,2.6127838577789904
L-GLN-FRUCT-6-P-AMINOTRANS-RXN,-6.0,-5.612681947500608,-5.99998681206378,-5.01689360310124,-4.25450417145962,-5.706879199899205,-5.9999999999996065,-5.649009314384261,-3.3537532437511555,-3.625857368501659,Old Reactions,3.678336246823265
L-RHAMNONATE-DEHYDRATASE-RXN,-6.0,-6.0,-6.0,-6.0,-6.0,-6.0,-6.0,-6.0,-6.0,-6.0,Old Reactions,-6.0
LTAA-RXN,-6.0,-6.0,-6.0,-6.0,-6.0,-6.0,-6.0,-6.0,-6.0,-6.0,Old Reactions,2.4345689056308695
LYSDECARBOX-RXN__LYSDECARBOX-CPLX,-6.0,-5.883200428414419,-5.999999965665746,-5.545534310855029,-4.895239570964839,-5.918389490062197,-5.999999999999916,-5.89726080160205,-4.0178679471824665,-4.282798432357072,Old Reactions,2.1702617183293795
LYXK-RXN,-6.0,-6.0,-6.0,-6.0,-6.0,-6.0,-6.0,-6.0,-6.0,-6.0,Old Reactions,1.9822712375634692
MALATE-DEH-RXN__MALATE-DEHASE (reverse),4.346822228413082,5.003706633735158,5.649321826006156,4.862420971406226,4.55132985621381,-2.616837164397701,-5.999999999078423,-2.519715130893111,0.06897120515356132,0.11769985822869086,Old Reactions,4.909331336054361
MALIC-NADP-RXN,-6.0,-5.612592537381237,-5.999986813474277,-5.0167758486903296,-4.237858800290902,-5.706623755830444,-5.9999999999996065,-5.646118674815045,-3.3534771680549094,-3.6252542015153812,Old Reactions,3.084576278291775
MALONYL-COA-ACP-TRANSACYL-RXN,0.8450981020563213,0.778152574513334,0.7781513228846126,0.7781589522245972,0.7781764781096168,0.7781517955339525,0.7781513227660513,0.7781519979850882,0.7783492419235413,0.778212016468819,Old Reactions,5.883277496775023
MANNPDEHYDROG-RXN,-6.0,-6.0,-6.0,-6.0,-6.0,-6.0,-6.0,-6.0,-6.0,-6.0,Old Reactions,4.721563318365726
MANNPDEHYDROG-RXN (reverse),-6.0,-6.0,-6.0,-6.0,-6.0,-6.0,-6.0,-6.0,-6.0,-6.0,Old Reactions,4.715359777132844
METBALT-RXN,-6.0,-5.802989859028065,-5.999988694754218,-5.344092231496366,-4.64039551211804,-5.829152941748113,-5.999999999999803,-5.789502121002501,-3.642161145604691,-4.012355930775324,Old Reactions,1.4623980128746277
METHGLYSYN-RXN,-6.0,-5.15492955995084,-5.999979024635565,-4.4327845898299945,-3.64014176049226,-5.410076895276141,-5.9999999999988205,-5.325236606310572,-2.734048485967446,-3.007134081414869,Old Reactions,5.1568579539156225
METHIONYL-TRNA-FORMYLTRANSFERASE-RXN-10-FORMYL-THF/L-methionyl-tRNAfmet//THF/N-formyl-L-methionyl-tRNAfmet/PROTON.77.,-6.0,-6.0,-6.0,-6.0,-6.0,-6.0,-6.0,-6.0,-6.0,-6.0,Old Reactions,4.167907810030984
METHYLMALONYL-COA-MUT-RXN (reverse),-6.0,3.8990740842145835,5.551550764813927e-07,3.0846006182100556,-0.3637261766089204,-0.0004360215584816775,4.3429426317750535e-07,0.0007535314275580647,0.03871565282471874,0.007865106740143298,Old Reactions,4.3429426472042774e-07
METHYLTHIOADENOSINE-NUCLEOSIDASE-RXN,2.6063813661855915,2.606381366181537,2.6063813661855892,2.6063813661613566,2.606381365894558,2.6063813661813193,2.606381366185591,2.606381366180839,2.6063813634049215,2.606381347803614,Old Reactions,3.415640980062934
MHPCHYDROL-RXN,-6.0,-6.0,-6.0,-6.0,-6.0,5.4709204397374736,5.441409842195786,-6.0,-6.0,-6.0,New Reactions,2.217483946845994
MHPELY-RXN (reverse),-6.0,-6.0,-6.0,-6.0,-6.0,-6.0,-6.0,-6.0,-6.0,-6.0,Old Reactions,3.414137362351835
MMUM-RXN,-6.0,-6.0,-6.0,-6.0,-6.0,-6.0,-6.0,-6.0,-6.0,-6.0,Old Reactions,1.3802112598072092
NACGLCTRANS-RXN,-6.0,3.896260440540675,-5.6672959104421325,3.077906664040545,-0.5339712080645669,-2.315957825878542,-5.999999998156944,-2.2206510400183683,-0.08532411500073372,0.10662297481544646,Old Reactions,2.772321707456525
NAD-KIN-RXN,1.531478929815622,1.5314789482130435,1.5314789298163984,1.5314790398899076,1.5314796318140391,1.531478942125733,1.5314789298154368,1.5314789457103104,1.5314846807552978,1.5314820198359371,Old Reactions,3.1000257304528147
NADH-DEHYDROG-A-RXN-NADH/UBIQUINONE-8/PROTON//NAD/CPD-9956/PROTON.46.,6.014751904835553,6.013104891638744,-5.99999994912627,6.01248344037699,6.015548447782362,6.000960383613391,6.011800959760325,6.057781897724145,6.047426738142925,5.968306656238398,Old Reactions,4.243261342745389
NAG1P-URIDYLTRANS-RXN,2.812913357311001,2.812913357990969,2.8129133573110034,2.812913361524379,2.812913362132562,2.81291335737498,2.812913357311001,2.8129133574270218,2.812913406615414,2.81291335338241,Old Reactions,4.099784196638092
NMNAMIDOHYDRO-RXN,-6.0,-5.845182988465427,-5.999996074819218,-5.448059499451824,-4.762697044447632,-5.8905641955966725,-6.0,-5.863587962075476,-3.877767472691127,-4.147878910902012,Old Reactions,2.1492191157354825
O-SUCCHOMOSERLYASE-RXN,3.737907923454049,4.03894278956154,3.737987326428064,3.758983288764157,3.7379912916379916,3.737987390342183,3.737987326412827,3.7379874061919396,3.7380188422195606,3.7380203266509993,Old Reactions,2.344392275650244
OHMETPYRKIN-RXN__HMP-P-KIN-CPLX,-6.0,-6.0,-6.0,-6.0,-6.0,-6.0,-6.0,-6.0,-6.0,-6.0,Old Reactions,1.2304489469250075
OHMETPYRKIN-RXN__PDXK-CPLX,-6.0,-6.0,-6.0,-6.0,-6.0,-6.0,-6.0,-6.0,-6.0,-6.0,Old Reactions,2.404833718329759
OROTPDECARB-RXN,4.342718689815272,4.342718689819412,4.342718689815272,4.342718689840247,4.3427186899711545,4.342718689817644,4.342718689815272,4.34271868981835,4.342718692883366,4.342718690818463,Old Reactions,3.943543977202913
OXALYL-COA-DECARBOXYLASE-RXN,-6.0,-6.0,-6.0,-6.0,-6.0,-6.0,-6.0,-6.0,-6.0,-6.0,Old Reactions,-6.0
PABASYN-RXN,-6.0,-5.612622029282429,-5.999986811362378,-5.016916131963355,-4.253161879043878,-5.706792737044617,-5.9999999999996065,-5.648816631199971,-3.2524591041235564,-2.9648329337128616,Old Reactions,1.851258354835899
PANTOATE-BETA-ALANINE-LIG-RXN,2.448706321450612,2.4487063214492344,2.44870632145062,2.448706321442093,2.4487063213649813,2.4487063214495177,2.4487063214507403,2.4487063214484226,2.4487063203886725,2.448706319897243,Old Reactions,3.1267805773363513
PANTOTHENATE-KIN-RXN,2.439332695409515,2.4393326954081087,2.4393326954095236,2.439332695400814,2.4393326953220598,2.439332695408398,2.4393326954096466,2.439332695407279,2.439332694324578,2.439332693822782,Old Reactions,2.751279104753368
PGLYCDEHYDROG-RXN,4.902231407268783,4.936525024612048,3.8193394948894532,4.915736392951007,4.902242692268246,4.3807430025793614,3.791416136010475,4.110962918008289,4.902245553872465,4.8856782816805175,Old Reactions,2.756636109006434
PGLYCDEHYDROG-RXN (reverse),-6.0,3.8167876048251763,-5.890060752898792,3.4013666268361193,-1.1308675765178338,-2.9177080695971203,-5.999999999539234,-2.8238437992341736,-0.229136700355176,-0.23488475438190176,Old Reactions,4.4604467838957635
PHENDEHYD-RXN,-6.0,-6.0,-6.0,-6.0,-6.0,-6.0,-6.0,-6.0,-6.0,-6.0,Old Reactions,2.9493900071328842
PHOSACETYLTRANS-RXN__CPLX0-7912,-6.0,3.9044566131996277,5.382087920633596,3.4073362780438754,2.8368586758255483,2.898883423734297,2.9379305495436028,2.852848814390248,2.716146855407609,2.8294481186465164,Old Reactions,3.1303337688167057
PHOSACETYLTRANS-RXN__CPLX0-7912 (reverse),-6.0,3.8643752021348696,-5.890149636422644,3.329988984243928,3.3002067721871566,3.2782335710151838,3.245158722542129,3.2865969066018215,3.2691292564963144,3.252830951443717,Old Reactions,3.5444401374416703
PHOSACETYLTRANS-RXN__PHOSACETYLTRANS-CPLX,-6.0,3.9649155090919237,5.385691125415027,3.6243761712531555,3.433375773313255,3.5109487673694977,3.4388334054754255,3.487020632040311,3.3939767328908723,3.5013875508506684,Old Reactions,3.76200296945024
PHOSACETYLTRANS-RXN__PHOSACETYLTRANS-CPLX (reverse),-6.0,4.081479565254257,-5.890148781254162,3.9706535205376916,4.081393219145247,4.085479361171049,4.0793729871839,4.008109021151365,3.980115411165679,3.841631722777106,Old Reactions,4.370068760668575
PMPOXI-RXN,-6.0,-5.764305701988139,-5.9999999538337,-5.274032362250199,-4.547195042604375,-5.828783493773069,-5.999999999999803,-5.789936124926013,-3.651568075914643,-3.9512462174943814,Old Reactions,3.127104798688908
PNKIN-RXN,-6.0,-5.803426222408525,-5.999999953914379,-5.353522570031871,-4.64326291695943,-5.858982566306898,-5.999999999999844,-5.825579660875039,-3.749997446145204,-4.068282426549469,Old Reactions,1.875061269182293
PNPOXI-RXN,1.07918128223883,1.0791813029560662,1.0791812822388318,1.0791814064017609,1.079182068933265,1.0791812961225453,1.07918128223883,1.0791813001259505,1.0791876819317157,1.0791843386663431,Old Reactions,1.6127838673122836
PPPGPPHYDRO-RXN__PPPGPPHYDRO-CPLX,-6.0,-5.736755296620816,-5.999992364512209,-5.222644073441244,-4.486310928457247,-5.807461334112136,-5.999999999999773,-5.764477277626338,-3.590422618750255,-3.8615455439924595,Old Reactions,-6.0
PRAISOM-RXN,3.2803506932737427,3.2803506932917053,3.2803506932737436,3.280350693381368,3.280350693847035,3.280350693282443,3.2803506932737427,3.280350693285416,3.2803506988566187,3.2803506953735266,Old Reactions,4.667191363477517
PREPHENATEDEHYDRAT-RXN,3.817367016353727,3.817433144177507,3.817433144177507,3.817433144177506,3.8174331441774987,3.817433144177507,3.817433144177507,3.8174331441775067,3.817433144177444,3.8174331441774396,Old Reactions,4.18132898711834
PREPHENATEDEHYDROG-RXN,3.7344797895056168,3.7344797895104866,3.734479789505617,3.734479789534779,3.7344797896538426,3.7344797895079553,3.7344797895056168,3.7344797895088027,3.7344797906969767,3.734479790047277,Old Reactions,4.799691978957826
PRIBFAICARPISOM-RXN,3.5932860671312468,3.5932860671312468,3.5932860671312468,3.593286067131246,3.5932860671312414,3.5932860671312463,3.5932860671312468,3.5932860671312468,3.593286067131236,3.5932860671312667,Old Reactions,3.3909351072799216
PSERTRANSAM-RXN,-6.0,3.700214543550184,-5.890067377519019,3.091104221956634,-1.1299636022251283,-2.9177260608677527,-6.000000789977779,-2.821351390892865,-0.2899485499964724,-0.2264597639193107,Old Reactions,2.7881683718484878
PSERTRANSAM-RXN (reverse),4.901223946216601,4.927746736563914,3.8069863228362304,4.9079077254737316,4.901235257670678,4.379349111620811,3.791416136010475,4.110962735551599,4.901237700590086,4.885678344797365,Old Reactions,3.439963936078601
PSERTRANSAMPYR-RXN,-6.0,-6.0,-6.0,-6.0,-6.0,-6.0,-6.0,-6.0,-6.0,-6.0,Old Reactions,2.3729120048103374
PYRAMKIN-RXN,-6.0,-5.42189073930338,-5.999973629828782,-4.752635389624615,-3.9719221766341053,-5.543316688521626,-5.999999999999237,-5.467061295924303,-3.0647033888713744,-3.3365558687156853,Old Reactions,1.9395192576105091
PYRIDOXKIN-RXN__PDXK-CPLX,-6.0,-5.421694068647006,-5.999973633766755,-4.752396236061363,-3.9705496295655567,-5.542440694416124,-5.999999999999238,-5.46730567082486,-3.067321426972486,-3.337981357566542,Old Reactions,2.4828735850373542
PYRIMSYN3-RXN,1.07918128223883,1.0791813343216428,1.0791812822399287,1.0791815940513605,1.079183261053386,1.0791813171234543,1.07918128223883,1.079181327261617,1.079197325769552,1.0791898225543615,Old Reactions,1.447158046852736
R601-RXN-FUM/REDUCED-MENAQUINONE//SUC/CPD-9728.38.,-6.0,4.361697942786105,5.66255773101043,4.142677559610439,3.240846749134381,3.1763537584272608,3.092404076799535,3.2093068140493477,3.1977561555729905,3.233150812581049,Old Reactions,4.195733648300884
R601-RXN-FUM/REDUCED-MENAQUINONE//SUC/CPD-9728.38. (reverse),-6.0,4.151070965411053,-5.890087162024967,3.7300500738550997,3.240747234139064,3.1763523554745325,3.092404076799535,3.2093051566709905,3.196753224806139,3.2320942987199137,Old Reactions,3.2702128551293583
R621-RXN-NITRIC-OXIDE/NADH/OXYGEN-MOLECULE//NITRATE/NAD/PROTON.54.,-6.0,-6.0,-6.0,-6.0,-6.0,-6.0,-6.0,-6.0,-6.0,-6.0,New Reactions,5.128024269368412
RHAMNULPALDOL-RXN,-6.0,-6.0,-6.0,-6.0,-6.0,-6.0,-6.0,-6.0,-6.0,-6.0,Old Reactions,1.5797836080456122
RHAMNULPALDOL-RXN (reverse),-6.0,-6.0,-6.0,-6.0,-6.0,-6.0,-6.0,-6.0,-6.0,-6.0,Old Reactions,1.5797836080456122
RIB5PISOM-RXN__RIB5PISOMA-CPLX,-6.0,4.4471704400881675,-5.801967138561979,3.8374479727670736,-0.8317405910060338,-2.6168570647289213,-5.999999999078511,-2.5176784183244454,0.08280314428895393,0.06778016343527765,Old Reactions,5.230295613919602
RIBOFLAVIN-SYN-RXN,1.518513953038326,1.5185139530380283,1.5185139530383258,1.5185139530365446,1.518513953020723,1.5185139530380103,1.5185139530383263,1.5185139530379672,1.5185139529593525,1.5185139528885725,Old Reactions,1.7708520190030674
RIBOSYLHOMOCYSTEINASE-RXN,1.90848502424031,1.9030899976721214,1.612783867312749,1.9030900238525221,1.9030901955313133,1.9030899952966203,1.9030899924206244,1.9030899961153227,1.9030913975170458,1.9030907515897049,Old Reactions,3.243534102079947
RIBULPEPIM-RXN__EG12287-MONOMER,-6.0,3.757161334081787,-5.615007757225549,2.98405638788154,-0.18317033035755928,-2.4922132373098544,-5.99999999879458,-1.9890001653940645,0.5801012882082397,0.5091232939858545,Old Reactions,1.1461280666992713
RIBULPEPIM-RXN__G7860-MONOMER,-6.0,3.7622500026107675,-5.7539039582077125,3.0142463895135485,-0.8793710469857892,-2.4906206428940747,-5.9999999987436095,-2.3510819689595475,0.3720127254756335,-0.10664528052089019,Old Reactions,2.758911893154584
RIBULPEPIM-RXN__RIBULPEPIM-CPLX,-6.0,3.757170378370471,-5.595258939636373,2.9841102096472705,-0.233627764021994,-2.49625157404451,-5.99999999877687,-2.0221360192409197,0.5986221731234985,0.5319484266341002,Old Reactions,1.1760912880086458
RXN-10856 (reverse),-6.0,3.892367683178962,-4.703549527541373,3.055987266028871,0.1977492001432486,-0.752663899063716,-5.999999997234178,-0.6862848993781804,1.0251405990151212,0.9779354491659815,Old Reactions,1.1139433857141032
RXN-11484,0.3010302128111679,0.30103021281106046,0.3010302128111678,0.30103021281053394,0.3010302128025043,0.3010302128110629,0.3010302128111679,0.30103021281105025,0.3010302127566623,0.30103021275741504,Old Reactions,0.47712139948446564
RXN-11496-PYRUVATE/UBIQUINONE-8/WATER//CARBON-DIOXIDE/ACET/CPD-9956.58.,-6.0,-5.764379322806324,-5.999999949515721,-5.274679566299679,-4.547196624970891,-5.8289962243961595,-5.999999999999803,-5.789733396259605,-3.6531144165122895,-3.924500451737531,Old Reactions,3.981909170136069
RXN-11591,-6.0,-6.0,-6.0,-6.0,-6.0,-6.0,-6.0,-6.0,-6.0,-6.0,Old Reactions,0.3010302128111679
RXN-11592,-6.0,-6.0,-6.0,-6.0,-6.0,-6.0,-6.0,-6.0,-6.0,-6.0,Old Reactions,0.6989700911949065
RXN-11598,-6.0,-6.0,-6.0,-6.0,-6.0,-6.0,-6.0,-6.0,-6.0,-6.0,Old Reactions,-6.0
RXN-11601,-6.0,-6.0,-6.0,-6.0,-6.0,-6.0,-6.0,-6.0,-6.0,-6.0,Old Reactions,0.3010302128111679
RXN-11832,3.449940988927452,4.0817308432039825,3.433769834176968,3.888246421115453,3.450118065647593,3.4500954488367848,3.450095076025675,3.450095540432587,3.4502783946389393,3.45031874435043,Old Reactions,4.214764396694525
RXN-11837,-6.0,-6.0,-6.0,-6.0,-6.0,-6.0,-6.0,-6.0,-6.0,-6.0,Old Reactions,0.6989700911949065
RXN-11839,-6.0,-6.0,-6.0,-6.0,-6.0,-6.0,-6.0,-6.0,-6.0,-6.0,Old Reactions,1.07918128223883
RXN-11841,-6.0,-6.0,-6.0,-6.0,-6.0,-6.0,-6.0,-6.0,-6.0,-6.0,Old Reactions,-6.0
RXN-11842,-6.0,-6.0,-6.0,-6.0,-6.0,-6.0,-6.0,-6.0,-6.0,-6.0,Old Reactions,4.3429426472042774e-07
RXN-11845,-6.0,-6.0,-6.0,-6.0,-6.0,-6.0,-6.0,-6.0,-6.0,-6.0,Old Reactions,-6.0
RXN-11860,-6.0,-6.0,-6.0,-6.0,-6.0,-6.0,-6.0,-6.0,-6.0,-6.0,Old Reactions,-6.0
RXN-11865,-6.0,-6.0,-6.0,-6.0,-6.0,-6.0,-6.0,-6.0,-6.0,-6.0,Old Reactions,-6.0
RXN-12070,-6.0,-6.0,-6.0,-6.0,-6.0,-6.0,-6.0,5.45427876842941,-6.0,-6.0,New Reactions,0.6989700911949065
RXN-12402,-6.0,4.760502258931927,-6.0,-6.0,-6.0,-6.0,-6.0,-6.0,-6.0,-6.0,New Reactions,1.88649073081267
RXN-12458,-6.0,-6.0,-6.0,-6.0,-6.0,-6.0,-6.0,-6.0,-6.0,-6.0,Old Reactions,0.6989700911949065
RXN-12583__E1P-CPLX,-6.0,3.9929197658310556,-5.791337525820272,3.2143872570365293,-0.87420384240481,-2.5843389178136476,-5.999999998888141,-2.448872273624044,0.9112855993311976,0.2563159361286318,Old Reactions,2.0374265019249767
RXN-14025[CCO-PERI-BAC]-UMP/WATER//URIDINE/Pi.36.__APHA-CPLX,-6.0,-6.0,-6.0,-6.0,-6.0,-6.0,-6.0,-6.0,-6.0,-6.0,Old Reactions,2.763427994311721
RXN-14026[CCO-PERI-BAC]-CMP/WATER//CYTIDINE/Pi.37.__APHA-CPLX,-6.0,-6.0,-6.0,-6.0,-6.0,-6.0,-6.0,-6.0,-6.0,-6.0,Old Reactions,2.392696955017943
RXN-14073__GLYCPDIESTER-CYTO-MONOMER,-6.0,-6.0,-6.0,-6.0,-6.0,-6.0,-6.0,-6.0,-6.0,-6.0,Old Reactions,2.3384564955967813
RXN-14090[CCO-CYTOSOL]-CPD-3711/WATER//CYTIDINE/Pi.41.,-6.0,-6.0,-6.0,-6.0,-6.0,-6.0,-6.0,-6.0,-6.0,-6.0,Old Reactions,2.250420004748751
RXN-14090[CCO-PERI-BAC]-CPD-3711/WATER//CYTIDINE/Pi.42.__APHA-CPLX,-6.0,-6.0,-6.0,-6.0,-6.0,-6.0,-6.0,-6.0,-6.0,-6.0,New Reactions,2.936513742981549
RXN-14126[CCO-CYTOSOL]-CPD-3706/WATER//ADENOSINE/Pi.42.,-6.0,-6.0,-6.0,-6.0,-6.0,-6.0,-6.0,-6.0,-6.0,-6.0,Old Reactions,2.4698220174503476
RXN-14126[CCO-PERI-BAC]-CPD-3706/WATER//ADENOSINE/Pi.43.__APHA-CPLX,-6.0,-6.0,-6.0,-6.0,-6.0,-6.0,-6.0,-6.0,-6.0,-6.0,New Reactions,2.4969296494563182
RXN-14136,-6.0,-6.0,-6.0,-6.0,-6.0,-6.0,-6.0,-6.0,-6.0,-6.0,Old Reactions,2.2671717307505515
RXN-14139__CPLX0-8106,-6.0,-5.764562920657675,-5.9999934066772465,-5.2750537820601195,-4.548033650258509,-5.8291654965624975,-5.999999999999803,-5.789957063688051,-3.6535507060129806,-3.924433596282317,Old Reactions,3.1439511167357326
RXN-14142[CCO-CYTOSOL]-DGMP/WATER//DEOXYGUANOSINE/Pi.43.__EG11817-MONOMER,-6.0,-5.391503079486141,-5.999643357738799,-4.669557592376583,-3.9193865528939638,-5.782499769572993,-5.999999999999734,-5.732379094925294,-3.3418469952936944,-3.48966369853031,Old Reactions,1.8692317255998205
RXN-14142[CCO-PERI-BAC]-DGMP/WATER//DEOXYGUANOSINE/Pi.44.__APHA-CPLX,-6.0,-6.0,-6.0,-6.0,-6.0,-6.0,-6.0,-6.0,-6.0,-6.0,Old Reactions,2.1522883474414685
RXN-14143,-6.0,-5.612874297098525,-5.99998681344293,-5.016906882591493,-4.2472777118500975,-5.70687937690541,-5.9999999999996065,-5.6472031544401515,-3.3442617904849232,-3.594273629882379,Old Reactions,1.1461280666992713
RXN-14160__GLYCPDIESTER-CYTO-MONOMER,-6.0,-6.0,-6.0,-6.0,-6.0,-6.0,-6.0,-6.0,-6.0,-6.0,Old Reactions,1.8633228660696952
RXN-14161[CCO-CYTOSOL]-DAMP/WATER//DEOXYADENOSINE/Pi.43.__CPLX0-7625,4.3429426472042774e-07,-0.006441299312242734,1.5996687677924751e-07,-0.019901933152664034,-0.265584822943727,-0.0009867585550699398,4.3429426385253386e-07,-0.002947532887714791,-0.29242808879916077,-0.2724087967511876,Old Reactions,1.000000043429446
RXN-14161[CCO-PERI-BAC]-DAMP/WATER//DEOXYADENOSINE/Pi.44.__APHA-CPLX,-6.0,-6.0,-6.0,-6.0,-6.0,-6.0,-6.0,-6.0,-6.0,-6.0,Old Reactions,2.1238516442324578
RXN-14522,-6.0,-6.0,-6.0,-6.0,-6.0,-6.0,-6.0,-6.0,-6.0,-6.0,Old Reactions,2.9822712334919586
RXN-14523,-6.0,-6.0,-6.0,-6.0,-6.0,-6.0,-6.0,-6.0,-6.0,-6.0,Old Reactions,2.4409090836387484
RXN-14524,-6.0,-6.0,-6.0,-6.0,-6.0,-6.0,-6.0,-6.0,-6.0,-6.0,Old Reactions,2.4082399670083126
RXN-14525,-6.0,-6.0,-6.0,-6.0,-6.0,-6.0,-6.0,-6.0,-6.0,-6.0,Old Reactions,2.392696955017943
RXN-15125__CPLX0-7622,-6.0,-5.612748662294164,-5.999986817596003,-5.016942219706473,-4.255557521145144,-5.829362560526382,-5.999999999999804,-5.7903437771049076,-3.354183326862045,-3.6245473995845696,Old Reactions,-6.0
RXN-15125__LSERINEDEAM1-MONOMER,-6.0,-5.612600859715179,-5.999986816205886,-5.016721536880258,-4.25523528122175,-5.829306306195207,-5.999999999999804,-5.790273646986606,-3.353829298703824,-3.624300013379799,Old Reactions,3.9143960521826777
RXN-15131__CYSTATHIONINE-BETA-LYASE-CPLX,-6.0,3.278684586956894,3.484197809326001,3.308349780600289,3.4083471481297525,3.4021682980758348,3.3775382071458275,3.427518380216217,3.399338230984115,3.3143866251575163,Old Reactions,3.771807879072553
RXN-15578,-6.0,-5.612727343061396,-5.999986816494406,-5.016888611762869,-4.250486967083549,-5.829318611866236,-5.999999999999801,-5.7896178553832645,-3.351703281127084,-3.613187000671942,Old Reactions,0.6989700911949065
RXN-15581__DSERDEAM-MONOMER,-6.0,-6.0,-6.0,-6.0,-6.0,-6.0,-6.0,-6.0,-6.0,-6.0,Old Reactions,3.1956229438637336
RXN-15607,-6.0,-6.0,-6.0,-6.0,-6.0,-6.0,-6.0,-6.0,-6.0,-6.0,Old Reactions,0.47712139948446564
RXN-15740-GLYCEROL-3P/CPD-9728//DIHYDROXY-ACETONE-PHOSPHATE/REDUCED-MENAQUINONE.70.,-6.0,-5.612427558871255,-5.999986811362831,-5.016180185912839,-4.252953815867274,-5.706623391670043,-5.999999999999606,-5.648399588368117,-3.349516432338413,-3.615094788729062,Old Reactions,3.30146407336023
RXN-16000,-6.0,3.7991988267730368,-5.717816098098803,2.4156763564979,-1.1913482977749492,-2.8450881871525997,-5.99999999945479,-2.756905906617773,-0.4864773037665891,-0.35011011795376296,Old Reactions,3.204119982927359
RXN-16312,-6.0,-6.0,-6.0,-6.0,-6.0,-6.0,-6.0,-6.0,-6.0,-6.0,Old Reactions,4.075838826011158
RXN-16701,-6.0,3.7680777074842275,2.2545283410270778,3.3885556205304614,2.1577491157078748,2.177329822522603,2.171983147108058,2.1776763030157484,2.1766822577321334,2.2533524250816446,Old Reactions,2.414973349641181
RXN-16701 (reverse),-6.0,3.7680777074385086,2.2545283410270773,3.3885556198745586,2.157749044868845,2.177329821328968,2.171983147108058,2.1776763014759957,2.176681708619649,2.2533521772262466,Old Reactions,4.376047452059736
RXN-1961,-6.0,-6.0,-6.0,-6.0,-6.0,-6.0,-6.0,-6.0,-6.0,-6.0,Old Reactions,0.47712139948446564
RXN-6622__CPLX0-8122,-6.0,-5.607067790441378,-5.999982376131007,-5.008314735044229,-4.244860599988805,-5.702131209633359,-5.999999999999598,-5.64366893660677,-3.343939222715895,-2.656033911843134,Old Reactions,3.5523031094601074
RXN-7607[CCO-CYTOSOL]-IMP/WATER//INOSINE/Pi.35.__G7742-MONOMER,-6.0,-5.612742506119569,-5.999986813454772,-5.016952004727751,-4.254416671305,-5.706704718221426,-5.999999999999606,-5.648970430446521,-3.3515071302025223,-3.388127126016188,Old Reactions,2.3729120048103374
RXN-7609[CCO-CYTOSOL]-GMP/WATER//GUANOSINE/Pi.37.__G7742-MONOMER,-6.0,-2.410236604835859,-0.18135990118237388,-0.8099065793869373,0.4126143005051042,-2.1079771083696297,-5.999999996703589,-1.7152880881390737,0.4911506689961863,0.43032049393835614,Old Reactions,1.1461280666992713
RXN-7609[CCO-PERI-BAC]-GMP/WATER//GUANOSINE/Pi.38.__APHA-CPLX,-6.0,-5.044526356479686,0.32213977502907515,-4.258428707336321,-3.514267220130704,-5.192745480643515,-5.999999999997796,-5.0972475049910235,-2.621856888207711,-2.7709184587656845,Old Reactions,2.7909884757915577
RXN-7609[CCO-PERI-BAC]-GMP/WATER//GUANOSINE/Pi.38.__G7742-MONOMER,-6.0,-5.044526356896616,0.32215974271249537,-4.25842900322746,-3.514263301425033,-5.1927454848279355,-5.999999999997796,-5.097246808519184,-2.6218566069187657,-2.7709313569208702,Old Reactions,2.8048206794018746
RXN-7913,-6.0,-5.396171341316857,-5.999973486254834,-4.7193420582028764,-3.93610806205765,-5.506424573489584,-5.999999999999136,-5.428658052989243,-3.0199007790605754,-3.2977684614085514,Old Reactions,3.9343469267887725
RXN-8667,-6.0,-5.7643789875533775,-5.9999999537013755,-5.274251793145447,-4.546101730686701,-5.828952991186945,-5.999999999999803,-5.789481625932223,-3.651590729227743,-3.8861991513705845,Old Reactions,5.505381992449275
RXN-8992,1.591064618162255,1.5910646181617496,1.4149733646744518,1.591064618159234,1.591064618127628,1.5910646181617472,1.591064618162255,1.591064618161685,1.5910646179068326,1.591064617642919,Old Reactions,2.857935265321779
RXN-8999,0.47712139948446564,0.4771214053478248,0.4771213994848282,0.4771214346196301,0.47712154805277585,0.47712140213632664,0.4771213994844656,0.4771214032845612,0.4771228961549321,0.4771217720110264,Old Reactions,2.1583624951111835
RXN-9310,1.4149733646744516,1.414973364673982,1.4149733646744513,1.4149733646716436,1.4149733646416205,1.4149733646739773,1.4149733646744516,1.414973364673918,1.4149733644327198,1.414973364138272,Old Reactions,4.549689738724566
RXN-9311,1.4149733646744516,1.414973364673982,1.4149733646744513,1.4149733646716436,1.4149733646416205,1.4149733646739773,1.4149733646744516,1.414973364673918,1.4149733644327198,1.414973364138272,Old Reactions,3.164352856081899
RXN-9535__FABB-CPLX,-6.0,-6.0,-6.0,-6.0,-6.0,-6.0,-6.0,-6.0,-6.0,-6.0,Old Reactions,1.9444826770853332
RXN-9772,2.5428254282035767,2.5428254281995404,2.542825428203784,2.54282542800101,2.542825425149128,2.542825428198764,2.542825428203555,2.542825428169829,2.542825422266347,2.542825482028625,Old Reactions,2.9503648548630004
RXN-982,-6.0,-6.0,-6.0,-6.0,-6.0,-6.0,-6.0,-6.0,-6.0,-6.0,Old Reactions,0.6020600999015693
RXN0-1001,-6.0,-6.0,-6.0,-6.0,-6.0,-6.0,-6.0,-6.0,-6.0,-6.0,New Reactions,2.5514499991928035
RXN0-1342,-6.0,-6.0,-6.0,-6.0,-6.0,-6.0,-6.0,-6.0,-6.0,-6.0,Old Reactions,0.6020600999015693
RXN0-1461,1.1461280666992713,1.14612806430474,-5.999999976645455,1.1461280523677717,1.1461279948357916,1.1461280655487092,1.1461280666992713,1.1461280651427805,1.1461275006072211,1.1461277866723953,Old Reactions,-6.0
RXN0-2201,-6.0,-5.883135687960796,-5.999988699359187,-5.545368278833547,-4.944538027887696,-5.9352373128192495,-5.999999999999931,-5.916117646724143,-4.065089515971381,-4.4375075914732705,Old Reactions,0.9030900412787504
RXN0-268,-6.0,3.5642588562676,-5.269735123390799,3.179815832361231,-0.15527645796853798,-2.596653672615896,-5.999999999078899,-2.0551618147034607,0.32881196565954707,0.08156554840203577,Old Reactions,0.8450981020563213
RXN0-280-CPD0-2547/FMNH2/OXYGEN-MOLECULE//CPD-371/SO3/FMN/WATER/PROTON.62.,-6.0,-6.0,-6.0,-6.0,-6.0,-6.0,-6.0,-6.0,-6.0,-6.0,Old Reactions,-6.0
RXN0-299,-6.0,-6.0,-6.0,-6.0,-6.0,-6.0,-6.0,-6.0,-6.0,-6.0,Old Reactions,1.2304489469250075
RXN0-302,2.5378190963320986,2.537819096892485,2.38201704437697,2.5378190996901226,2.5378191105116725,2.537819096585296,2.5378190963320986,2.537819096695071,2.5378192392611623,2.5378191314954393,Old Reactions,2.206825878729331
RXN0-310,-6.0,-5.4126737537354845,4.342982223163928e-07,-4.710030683415307,-3.87875056444136,-0.0024079441721497966,4.3429426308107266e-07,-0.00023854384527390886,-2.4270130619479686,-3.2208325777960343,Old Reactions,0.3010302128111679
RXN0-313__CPLX0-201 (reverse),-6.0,-5.612875377096922,-5.9999868155419485,-5.017178299212797,-4.2530023781006125,1.505150392515738,1.5051499918916085,1.5051524710115094,1.4589251499773628,1.5270283025788387,New Reactions,1.5051499918916083
RXN0-3281__FORMATEDEHYDROGH-MONOMER,-6.0,-2.8279201848023012,-5.821166638514587,-2.101371797148347,-0.21268286637688444,-2.9256196283470683,-5.999999999539857,-2.844522627199418,0.3144526499924416,-0.00437669721863015,Old Reactions,-6.0
RXN0-3741[CCO-CYTOSOL]-DIMP/WATER//DEOXYINOSINE/Pi.41.__CPLX0-7625,-6.0,-6.0,-6.0,-6.0,-6.0,-6.0,-6.0,-6.0,-6.0,-6.0,Old Reactions,1.1760912880086458
RXN0-3741[CCO-CYTOSOL]-DIMP/WATER//DEOXYINOSINE/Pi.41.__G7230-MONOMER,-6.0,-6.0,-6.0,-6.0,-6.0,-6.0,-6.0,-6.0,-6.0,-6.0,Old Reactions,0.6989700911949065
RXN0-384__H2NEOPTERINP3PYROPHOSPHOHYDRO-MONOMER,-6.0,-5.613114110472971,-5.999986804057805,-5.019384991897423,-4.253231104185786,-5.706791037608533,-5.9999999999996065,-5.64353030974596,-3.3467786107625184,-3.481115890609171,Old Reactions,0.3010302128111679
RXN0-4301,-6.0,-5.647435194930397,-5.9999981014744765,-5.056547556816555,-5.091330470310751,-5.964540953877216,-5.9999999999999165,-5.932602855239595,-4.1297247157932295,-5.175623289347766,Old Reactions,1.812913363324309
RXN0-4361,-6.0,-5.647435194930397,-5.9999981014744765,-5.056547556816555,-5.091330470310751,-5.964540953877216,-5.9999999999999165,-5.932602855239595,-4.1297247157932295,-5.175623289347766,Old Reactions,4.215055647386778
RXN0-4401,-6.0,-6.0,-6.0,-6.0,-6.0,-6.0,-6.0,-6.0,-6.0,-6.0,Old Reactions,2.5658478198536656
RXN0-4641,-6.0,3.8790855944123486,-5.647145594555391,3.064836231987409,-0.8924829339883865,-2.2801511710052296,-5.9999999979959995,-2.139118432534862,0.9970907310291474,0.9345568612241213,Old Reactions,1.9190780976085375
RXN0-5065,-6.0,-6.0,-6.0,-6.0,-6.0,-6.0,-6.0,-6.0,-6.0,-6.0,Old Reactions,2.3617278379058297
RXN0-5107__CPLX0-8106,-6.0,-5.764563948946616,-5.999993406677206,-5.27505019798229,-4.548133616167193,-5.829165496114213,-5.999999999999803,-5.7899009803565065,-3.653057320078895,-3.920582912829396,Old Reactions,3.1510632536604555
RXN0-5107__G7164-MONOMER,-6.0,-5.764563949487826,-5.999993406677227,-5.275049670051544,-4.54813427772707,-5.829165498599122,-5.999999999999803,-5.789900740930447,-3.6530597581921787,-3.92057523132138,Old Reactions,2.6242820968672467
RXN0-5108,-6.0,-5.749638327000961,-5.999992857404331,-5.246558581241967,-4.514305296660461,-5.817578314402886,-5.999999999999787,-5.77632641753772,-3.6192271965755296,-3.890265368839704,Old Reactions,3.814580516076877
RXN0-5114[CCO-CYTOSOL]-3-P-SERINE/WATER//SER/Pi.38.,4.901223946216601,4.901234850251148,3.8069863228167033,4.9012348505948165,4.901234852628816,4.379349089675235,3.791416136010475,4.110962684710736,4.901234897251275,4.885674986307651,Old Reactions,3.9050399281302552
RXN0-5116,-6.0,-5.999999998607008,-5.999999999999751,-5.999999990335546,-5.999999934453817,-5.999999998940297,-6.0,-5.999999998505001,-5.999999493444751,-5.999999573102313,Old Reactions,2.955687750794452
RXN0-5118,-6.0,-5.881736809447471,-5.9999995253678415,-5.53094605859743,-5.556602361787677,-5.990860145906046,-5.999999999999979,-5.982145086521489,-4.714566313124843,-5.616460456463226,Old Reactions,2.340444116823198
RXN0-5120,-6.0,-5.881736809447471,-5.9999995253678415,-5.53094605859743,-5.556602361787677,-5.990860145906046,-5.999999999999979,-5.982145086521489,-4.714566313124843,-5.616460456463226,Old Reactions,1.5563025128310226
RXN0-5144,-6.0,-6.0,-6.0,-6.0,-6.0,-6.0,-6.0,-6.0,-6.0,-6.0,Old Reactions,1.0413927246395398
RXN0-5185[CCO-CYTOSOL]-CPD-2961/WATER//GLUCONATE/Pi.42.,-6.0,0.7781514269906801,0.7781513227682321,-2.0301144343437785,-1.0047602690966344,0.7781513925361508,0.7781513227660513,0.778151412960517,0.7781835598171214,0.7781666480621452,Old Reactions,2.9921114882292046
RXN0-5186__G7408-MONOMER,-6.0,-6.0,-6.0,-6.0,-6.0,-6.0,-6.0,-6.0,-6.0,-6.0,New Reactions,3.414639146904174
RXN0-5187[CCO-CYTOSOL]-FMN/WATER//RIBOFLAVIN/Pi.38.__EG11202-MONOMER,-6.0,-5.612705618038132,-5.999986813452925,-5.016846311892269,-4.254426086708958,-5.706879044196944,-5.9999999999996065,-5.6490242999886355,-3.352768061257179,-3.6234548968427043,Old Reactions,2.555094449788053
RXN0-5187[CCO-CYTOSOL]-FMN/WATER//RIBOFLAVIN/Pi.38.__G6442-MONOMER,-6.0,-5.612705618566305,-5.999986813453518,-5.016845988672186,-4.25433768724914,-5.706879237066095,-5.9999999999996065,-5.649012483679746,-3.351363344714431,-3.623244095060794,Old Reactions,1.2304489469250075
RXN0-5213,-6.0,-5.637396311785304,-5.999989681878663,-5.055068432620168,-4.296074462587679,-5.796073456922,-5.999999999999756,-5.75120862243779,-3.3954179634290105,-3.667989965544118,Old Reactions,1.875061269182293
RXN0-5228,-6.0,-6.0,-6.0,-6.0,-6.0,-6.0,-6.0,-6.0,-6.0,-6.0,Old Reactions,2.7291647905030207
RXN0-5229,-6.0,-6.0,-6.0,-6.0,-6.0,-6.0,-6.0,-6.0,5.6004838849357075,-6.0,New Reactions,0.3010302128111679
RXN0-5240,-6.0,3.898362556153841,-5.565818010739792,3.0805089402686305,-0.07463435039722552,-2.4630656087382894,-5.999999998169647,-1.8860148916256585,0.08195387767825339,0.07876046898880211,Old Reactions,0.3010302128111679
RXN0-5292[CCO-CYTOSOL]-DCMP/WATER//DEOXYCYTIDINE/Pi.42.,-6.0,-5.77632193804438,-5.999991505537369,-5.298897773232454,-4.577776858567291,-5.893214390167042,-5.999999999999886,-5.8656580873314175,-3.7947356807578525,-4.012679572100386,Old Reactions,1.1461280666992713
RXN0-5387,-6.0,-6.0,-6.0,-6.0,-6.0,-6.0,-6.0,-6.0,-6.0,-6.0,Old Reactions,3.514282047993271
RXN0-5390__G6244-MONOMER,-6.0,-6.0,-6.0,-6.0,-6.0,-6.0,-6.0,-6.0,-6.0,-6.0,New Reactions,2.9122220570639876
RXN0-5408,-6.0,-6.0,-6.0,-6.0,-6.0,-6.0,-6.0,-6.0,-6.0,-6.0,New Reactions,3.238297068126286
RXN0-5422,-6.0,-6.0,-6.0,-6.0,-6.0,-6.0,-6.0,-6.0,-6.0,-6.0,Old Reactions,1.5440680567586893
RXN0-5433,-6.0,-6.0,-6.0,-6.0,-6.0,-6.0,-6.0,-6.0,-6.0,-6.0,Old Reactions,4.3429426472042774e-07
RXN0-5462[CCO-CYTOSOL]-GTP/WATER//GDP/Pi/PROTON.38.__CPLX0-3561,-6.0,-5.829838740199554,-5.9999956049050915,-5.412111486231924,-4.716520551940488,-5.87908208697178,-5.9999999999998685,-5.849451677287501,-3.8291019061491367,-4.099122775942131,New Reactions,-6.0
RXN0-5462[CCO-CYTOSOL]-GTP/WATER//GDP/Pi/PROTON.38.__EG10021-MONOMER,-6.0,-5.829838740199554,-5.9999956049050915,-5.412111486231924,-4.716520551940488,-5.87908208697178,-5.9999999999998685,-5.849451677287501,-3.8291019061491367,-4.099122775942131,New Reactions,-6.0
RXN0-5462[CCO-CYTOSOL]-GTP/WATER//GDP/Pi/PROTON.38.__EG12104-MONOMER,-6.0,-5.829838740199554,-5.9999956049050915,-5.412111486231924,-4.716520551940488,-5.87908208697178,-5.9999999999998685,-5.849451677287501,-3.8291019061491367,-4.099122775942131,New Reactions,-6.0
RXN0-5462[CCO-CYTOSOL]-GTP/WATER//GDP/Pi/PROTON.38.__G7841-MONOMER,-6.0,-5.612645138374986,-5.99998681344554,-5.016837510545625,-4.253415024734624,-5.706881582064771,-5.9999999999996065,-5.648965689646169,-3.353638633848501,-3.6255446870319528,New Reactions,0.3010302128111679
RXN0-6254,-6.0,-6.0,-6.0,-6.0,-6.0,-6.0,-6.0,-6.0,-6.0,-6.0,New Reactions,-6.0
RXN0-6274,-6.0,-6.0,-6.0,-6.0,-6.0,-6.0,-6.0,-6.0,-6.0,-6.0,Old Reactions,1.531478929815622
RXN0-6373-GLC/UBIQUINONE-8//GLC-D-LACTONE/CPD-9956.41.,0.7781513227660513,-5.999999997666133,-5.999999898252594,0.7690738979511444,0.5184511364134147,-5.99999999813779,-6.0,-5.999999997079567,-5.999999166342413,-5.999999374147546,New Reactions,6.16398920504604
RXN0-6562,2.2671717307505515,2.2671717375071507,2.26717173075068,2.2671717712091404,2.2671719866991737,1.8864907386204188,-5.999999999603395,-2.264890982735046,2.2671737896738753,-3.625257555016376,Old Reactions,1.88649073081267
RXN0-6564,1.07918128223883,1.0791812706428998,1.0791812822369429,1.0791812128503406,1.0791808921001371,1.0791812764171966,1.07918128223883,1.0791812745219704,1.079178229488399,1.0791797510064205,Old Reactions,3.8658735282669587
RXN0-6565,-6.0,-6.0,-6.0,-6.0,-6.0,-6.0,-6.0,-6.0,-6.0,-6.0,Old Reactions,4.3429426472042774e-07
RXN0-6565 (reverse),-6.0,-6.0,-6.0,-6.0,-6.0,-6.0,-6.0,-6.0,-6.0,-6.0,Old Reactions,4.3429426472042774e-07
RXN0-6708,-6.0,-6.0,-6.0,-6.0,-6.0,-6.0,-6.0,-6.0,-6.0,-6.0,Old Reactions,3.4036351899620025
RXN0-6732__CPLX0-7958,-6.0,-6.0,-6.0,-6.0,-6.0,-6.0,-6.0,-6.0,-6.0,-6.0,New Reactions,1.5051499918916083
RXN0-6733,-6.0,-6.0,-6.0,-6.0,-6.0,-6.0,-6.0,-6.0,-6.0,-6.0,New Reactions,2.164352858759057
RXN0-7008-PRO/UBIQUINONE-8//L-DELTA1-PYRROLINE_5-CARBOXYLATE/CPD-9956/PROTON.67.__PUTA-CPLX,-6.0,-5.61258203423477,-5.999999949321756,-5.016669179950603,-4.248333831905411,-5.706455663671343,-5.999999999999606,-5.648372912123152,-3.351658887720139,-3.6188178767470816,Old Reactions,0.3010302128111679
RXN0-7010,-6.0,-6.0,-6.0,-6.0,-6.0,-6.0,-6.0,-6.0,-6.0,-6.0,Old Reactions,3.211120541525143
RXN0-7022,-6.0,-6.0,-6.0,-6.0,-6.0,-6.0,-6.0,-6.0,-6.0,-6.0,Old Reactions,3.205745541213082
RXN0-7024,-6.0,-6.0,-5.785192948099176,-6.0,-6.0,-6.0,-6.0,-6.0,-6.0,-6.0,New Reactions,3.2992893343056995
RXN0-704,-6.0,-6.0,-6.0,-6.0,-6.0,-6.0,-6.0,-6.0,-6.0,-6.0,Old Reactions,1.740362697390507
RXN0-7046,-6.0,-6.0,-6.0,-6.0,-6.0,-6.0,-6.0,-6.0,-6.0,-6.0,New Reactions,3.7329563696559456
RXN0-705__CPLX0-7744,-6.0,-6.0,-6.0,-6.0,-6.0,-6.0,-6.0,-6.0,-6.0,-6.0,Old Reactions,2.6711728436410844
RXN0-705__EG12285-MONOMER,-6.0,-6.0,-6.0,-6.0,-6.0,-6.0,-6.0,-6.0,-6.0,-6.0,Old Reactions,2.1673173377025603
RXN0-7075,-6.0,-6.0,-6.0,-6.0,-6.0,-6.0,-6.0,-6.0,-6.0,-6.0,Old Reactions,1.4623980128746277
RXN0-7079,-6.0,-6.0,-6.0,-6.0,-6.0,-6.0,-6.0,-6.0,-6.0,-6.0,Old Reactions,2.6875289621064096
RXN0-7081,-6.0,-6.0,-6.0,-6.0,-6.0,-6.0,-6.0,-6.0,-6.0,-6.0,Old Reactions,1.07918128223883
RXN0-7083,-6.0,-6.0,-6.0,-6.0,-6.0,-6.0,-6.0,-6.0,-6.0,-6.0,Old Reactions,4.3429426472042774e-07
RXN0-7101__KDUD-MONOMER,-6.0,3.8994365498842676,0.5426521189647727,3.183284359642199,0.6111155631797198,0.7358244258309832,0.694191973983203,0.7070523601224418,0.7840963071531366,0.6515786422062609,Old Reactions,0.8450981020563213
RXN0-7101__KDUD-MONOMER (reverse),-6.0,3.8193963607343644,0.5426520838601417,2.9630988153110733,0.4865205090323752,0.5071423780941581,0.38208027778484327,0.34676273686766673,0.440052482743012,0.49864816963697023,Old Reactions,0.8450981020563213
RXN0-7104,-6.0,-5.76454224950305,-5.999993406662114,-5.275013459944149,-4.547573739216162,-5.82916606068745,-5.999999999999803,-5.789917344546349,-3.653814922226476,-3.9247145340558007,Old Reactions,4.3429426472042774e-07
RXN0-7105,-6.0,-6.0,-6.0,-6.0,-6.0,-6.0,-6.0,-6.0,-6.0,-6.0,New Reactions,1.8633228660696952
RXN0-7192__BIOTINLIG-MONOMER,-6.0,-6.0,-6.0,-6.0,-6.0,-6.0,-6.0,-6.0,-6.0,-6.0,Old Reactions,1.3979400260438166
RXN0-742,4.413450651024086,4.41346741300587,-5.999997020959761,4.413467413022146,4.413467413141154,4.413467413004231,4.413467413002581,4.413467413005052,4.413467431666472,4.413936606447849,Old Reactions,4.224610747004228
RXN0-743,4.413450651024086,4.41346741300587,-5.999997020959761,4.413467413022146,4.413467413141154,4.413467413004231,4.413467413002581,4.413467413005052,4.413467431666472,4.413936606447849,Old Reactions,3.3018977174119217
RXN0-961,-6.0,-6.0,-6.0,-6.0,-6.0,-6.0,-6.0,-6.0,-6.0,-6.0,Old Reactions,2.9052560492886186
S-ADENMETSYN-RXN,2.7291647905030207,2.7291647915413586,2.720159304233228,2.7291647967189374,2.7291648281839196,2.729164791053918,2.7291647905030207,2.729164791221694,2.729165055818566,2.7291649160354416,Old Reactions,3.1708482039363557
S-FORMYLGLUTATHIONE-HYDROLASE-RXN__CPLX0-3954,-6.0,-6.0,-6.0,-6.0,-6.0,-6.0,-6.0,-6.0,-6.0,-6.0,Old Reactions,2.9777236057459997
S-FORMYLGLUTATHIONE-HYDROLASE-RXN__G6208-MONOMER,-6.0,-6.0,-6.0,-6.0,-6.0,-6.0,-6.0,-6.0,-6.0,-6.0,Old Reactions,3.3816564827661417
SERINE-O-ACETTRAN-RXN__CPLX0-237,-6.0,3.5025082212976324,-5.890125088311023,3.234141352070895,2.4649629911717508,2.5416574150989133,2.4577806348052915,2.6166810041919795,2.602884783109801,-0.2090984676968922,Old Reactions,-6.0
SERINE-O-ACETTRAN-RXN__CYSSYNMULTI-CPLX,3.96232197277695,3.777383761302778,3.861713587613962,3.8724758882122967,3.9483289527072256,3.9455639697614355,3.948562933475037,3.942320846177308,3.9429620154790337,3.8616764827353656,Old Reactions,3.9251057268612675
SPERMIDINESYN-RXN,2.6063813661855915,2.606381366181537,2.6063813661855892,2.6063813661613566,2.606381365894558,2.6063813661813193,2.606381366185591,2.606381366180839,2.6063813634049215,2.606381347803614,Old Reactions,1.6627578411227584
SUCCCOASYN-RXN,-6.0,4.354751733763681,4.262949174762309,4.083445007009409,-0.8295643224808382,-2.6168584506317867,-5.99999999907847,-2.519469699328705,0.07760790395916922,0.4879864763545227,Old Reactions,4.760430023200058
SUCCINATE-DEHYDROGENASE-UBIQUINONE-RXN-SUC/UBIQUINONE-8//FUM/CPD-9956.31.,5.184867383785824,5.21026297174791,-5.999999949126298,5.209406027089381,5.185942776197805,5.836807642149794,5.7971933776174795,5.566767957062116,5.3960979841697965,5.800425426541341,Old Reactions,4.219060332475087
SUCCORNTRANSAM-RXN,-6.0,3.888420233919902,-5.3838397211362725,3.0424348016750704,-1.5006051244981613,-2.3166373045058126,-5.999999998157844,-1.9768286682292766,1.033947925285125,0.8603329394244909,Old Reactions,1.3802112598072092
TARTRATE-DEHYDROGENASE-RXN,-6.0,-6.0,-6.0,-6.0,-6.0,-6.0,-6.0,-6.0,-6.0,-6.0,Old Reactions,1.1139433857141032
THIOSULFATE-SULFURTRANSFERASE-RXN[CCO-CYTOSOL]-S2O3/HCN//HSCN/SO3/PROTON.39.__CPLX0-242,-6.0,-6.0,-6.0,-6.0,-6.0,-6.0,-6.0,-6.0,-6.0,-6.0,New Reactions,4.430526538696757
THIOSULFATE-SULFURTRANSFERASE-RXN[CCO-PERI-BAC]-S2O3/HCN//HSCN/SO3/PROTON.40.,-6.0,-6.0,-6.0,-6.0,-6.0,-6.0,-6.0,-6.0,-6.0,-6.0,New Reactions,4.815145895443015
THREODEHYD-RXN__THREODEHYD-CPLX,-6.0,3.703972992872904,-5.914548770811827,3.2064856211688033,-1.2278073933227909,-2.454228622547929,-5.9999999986584776,-2.291633839132022,0.12430846890883221,-0.25949056739908344,Old Reactions,2.227886707183463
THREONINE-ALDOLASE-RXN,-6.0,3.656374034697019,-5.6015379052880245,1.9031717587953396,-0.3723614921301965,-2.380376088473809,-5.9999999990830295,-1.7569988416933457,-0.15797170159182014,-0.21716014469631956,Old Reactions,0.3010302128111679
THRESYN-RXN,-6.0,-5.802517612877416,-5.999988695264437,-5.351935165102856,-4.639483725419286,-5.829052700218357,-5.999999999999803,-5.789854135418499,-3.750229775977572,-4.0190178752814445,Old Reactions,4.073278335672521
THYM-PHOSPH-RXN__DEOA-CPLX,-6.0,4.084587653557314,-5.699575336047651,3.892463188996812,-0.5914807540239319,-2.378372468315854,-5.999999998403838,-2.2833100611397086,0.3070434239330776,0.4151405729364082,Old Reactions,4.437258929599325
TREHALA-RXN[CCO-PERI-BAC]-TREHALOSE/WATER//GLC/ALPHA-GLUCOSE.49.,-6.0,-6.0,-6.0,4.822060814511545,-6.0,-6.0,-6.0,-6.0,-6.0,-6.0,New Reactions,3.5541255816342563
TREHALOSE6PSYN-RXN,-6.0,-5.37996546241299,-5.99996943072096,-5.275191894717728,-3.9162442628986027,-5.453044665791244,-5.99999999999897,-5.371099979724254,-2.9363561774665006,-3.211998411041771,Old Reactions,2.6839471316506724
TREHALOSEPHOSPHA-RXN__TREHALOSEPHOSPHASYN-MONOMER,-6.0,-5.805455628203488,-5.999994450040776,-5.016989530718479,-4.64883256554229,-5.829652838740466,-5.999999999999804,-5.790585150198988,-3.655386579060736,-3.9282251573181455,Old Reactions,3.339848783236217
TRIOSEPISOMERIZATION-RXN,-6.0,4.485039756552389,-5.802514852372873,3.802784088190743,-0.780003755333958,4.733988622088207,4.733988602663892,4.733988626819995,4.718193536592186,4.658370649621648,Old Reactions,7.5084824489994615
TRIPHOSPHATASE-RXN[CCO-CYTOSOL]-P3I/WATER//PPI/Pi/PROTON.38.__CPLX0-243,-6.0,-5.800607042942186,-5.999993525977654,-5.3510204913971,-4.634332636536906,-5.893868229062124,-5.999999999999887,-5.866980019219266,-3.8260175251299957,-4.040703311152207,Old Reactions,4.548217386262625
TRNA-GUANINE-N7--METHYLTRANSFERASE-RXN,-6.0,-6.0,-6.0,-6.0,-6.0,-6.0,-6.0,-6.0,-6.0,-6.0,Old Reactions,3.7405205861325985
TRNA-URACIL-5--METHYLTRANSFERASE-RXN,-6.0,-6.0,-6.0,-6.0,-6.0,-6.0,-6.0,-6.0,-6.0,-6.0,Old Reactions,2.1238516442324578
TYROSINE-AMINOTRANSFERASE-RXN__TYRB-DIMER,-6.0,4.533081402822775,-5.802563643284573,4.1039061224151805,-0.8146171559478237,-2.6168543781308493,-5.999999999078468,-2.521009843589582,0.7693314452188259,0.16977985040256266,Old Reactions,4.884285462345344
UDP-NACMUR-ALA-LIG-RXN,-6.0,-5.982756388632554,-5.999998911033702,-5.9056297755279745,-5.6932880009583915,-5.992115990730943,-5.999999999999991,-5.988746296892561,-4.945418659352141,-5.446779021410155,Old Reactions,3.022428371597922
UDPACYLGLCNACDEACETYL-RXN,-6.0,-5.7888819386462655,-5.999999050736201,-5.31072891149758,-5.341824364612147,-5.981908684734254,-5.999999999999958,-5.964995336795498,-4.424939065508065,-5.416016455596091,Old Reactions,3.2819419336677287
UDPGLCNACEPIM-RXN,-6.0,-6.0,-6.0,-6.0,-6.0,-6.0,-6.0,-6.0,-6.0,-6.0,Old Reactions,2.4742162655336193
UDPGLUCEPIM-RXN,-6.0,4.334558762590726,3.559001436245512,3.8436418726268577,3.418800144799981,3.5426515618367658,3.525233895469616,3.509382116174602,3.550016406244125,3.4593124717468915,Old Reactions,3.655330558105381
UDPGLUCEPIM-RXN (reverse),-6.0,4.334558762584434,3.5590014362455116,3.843641872505794,3.4188001445059486,3.542651561834118,3.525233895469616,3.509382116168959,3.5500164040050186,3.4593124715329564,Old Reactions,4.956216469248194
UDPHYDROXYMYRGLUCOSAMNACETYLTRANS-RXN,-6.0,-5.7888819386462655,-5.999999050736201,-5.31072891149758,-5.341824364612147,-5.981908684734254,-5.999999999999958,-5.964995336795498,-4.424939065508065,-5.416016455596091,Old Reactions,3.39828730553098
UDPNACETYLGLUCOSAMACYLTRANS-RXN,-6.0,-5.7888819386462655,-5.999999050736201,-5.31072891149758,-5.341824364612147,-5.981908684734254,-5.999999999999958,-5.964995336795498,-4.424939065508065,-5.416016455596091,Old Reactions,3.5634810855130703
UDPNACETYLGLUCOSAMENOLPYRTRANS-RXN,-6.0,-5.982756388632554,-5.999998911033702,-5.9056297755279745,-5.6932880009583915,-5.992115990730943,-5.999999999999991,-5.988746296892561,-4.945418659352141,-5.446779021410155,Old Reactions,3.527114111768829
UGD-RXN,1.875061269182293,1.8750612691822017,1.8750612691822928,1.8750612691817485,1.8750612691748483,1.8750612691820299,1.875061269182293,1.8750612691820299,1.875061269094201,1.8750612687790014,Old Reactions,1.812913363324309
UNDECAPRENYL-DIPHOSPHATASE-RXN[CCO-CYTOSOL]-UNDECAPRENYL-DIPHOSPHATE/WATER//CPD-9646/Pi/PROTON.64.__PGPPHOSPHAB-MONOMER,-6.0,-5.991292607586459,-5.999999455515837,-5.950256583882617,-5.820110219737517,-5.996040097493383,-5.999999999999996,-5.994336665651299,-5.2097384184978495,-5.64067831401655,Old Reactions,1.000000043429446
URA-PHOSPH-RXN,-6.0,3.865078917937264,-5.802495721628554,2.8877300576658196,-0.8281944177872601,-2.6168614010481535,-5.999999999078447,-2.5215434545740405,0.06498169759804162,-0.01065989518258757,Old Reactions,3.122870923191711
UROGENIIISYN-RXN,1.4313637802439678,1.4313637802436214,1.4313637802439678,1.4313637802419006,1.431363780222306,1.4313637802436574,1.4313637802439678,1.4313637802436288,1.4313637802159913,1.4313637801226222,Old Reactions,4.350248018353551
URPHOS-RXN__URPHOS-CPLX,-6.0,4.1687355672139565,2.694729817288911,3.913219295727268,-0.7674021594423398,-2.3048504108427994,-5.999999998447735,-2.0810987906587517,-0.36713088208642364,0.9159494082168682,Old Reactions,4.558864504654377
