flux,BiGG_id,BioCyc_id,,type,data1_best_fit,data1_LB95,data1_UB95,data2_best_fit,data2_LB95,data2_UB95,data3_best_fit,data3_LB95,data3_UB95,data4_best_fit,data4_LB95,data4_UB95,data5_best_fit,data5_LB95,data5_UB95,type_num,type_name
2 Pyr + AcCoA + Glu + NADPH + NAD -> Leu + 2 CO2 + AKG + NADP + NADH,LEU_BIOSYN,,,,3.43155,3.25403,3.61066,3.15631,2.98332,3.32916,3.22004,2.97394,3.45511,3.21407,2.89759,3.50954,2.1715,2.08669,2.256,1,Glycolysis
2 Pyr + NADPH + Glu -> Val + CO2 + NADP + AKG,VAL_BIOSYN,,,,3.22309,3.05635,3.39132,2.63339,2.48905,2.7776,3.02443,2.79328,3.24522,3.01883,2.72156,3.29634,1.77839,1.70892,1.84759,2,Pentose phosphate pathway
3PG + Glu + NAD -> Ser + NADH + AKG + Pi,PSERT,,,,8.92486,8.46744,9.87371,8.46514,7.99838,9.14201,8.30406,7.66955,8.96437,7.30044,4.1116,9.15369,5.57104,5.34965,5.7915,3,ED
3PG <=> PEP (exch),"PGM, ENO",,,,1.00E-08,1.00E-08,inf,4.88311,1.00E-08,inf,1.15E-06,1.00E-08,inf,7.71E-06,1.00E-08,inf,93.1703,76.539,127.412,4,TCA Cycle
3PG <=> PEP (net),"PGM, ENO",2PGADEHYDRAT-RXN,,1,156.04,154.119,157.926,154.069,151.984,156.15,157.562,155.291,159.877,159.338,155.138,164.242,59.5306,48.4262,86.0626,5,Glyox
6PG + NADP -> Ru5P + CO2 + NADPH,GND,RXN-9952,,2,25.0814,24.5124,25.6499,27.5486,26.889,28.2306,25.4006,24.4507,26.5122,24.4894,19.8233,29.8789,14.6956,13.6325,15.7999,,
6PG -> KDPG,EDD,PGLUCONDEHYDRAT-RXN,,3,0.825344,0.558787,1.10108,1.20969,0.857994,1.59677,1.41062,1.08131,1.75658,0.987777,1.00E-08,2.62367,1.14832,0.422945,1.85775,6,Amphibolic
AKG + CO2.int + NADPH -> Icit,ICDHyr,,,,,,,1.00E-08,1.00E-08,10118.3,,,,,,,,,,,
AKG + NAD -> SucCoA + CO2 + NADH,AKGDH,,,,,,,8.77231,7.9984,10.2409,8.44167,7.16639,9.84719,12.0917,6.96534,19.5572,,,,,
AKG + NADPH + NH3 -> Glu + NADP,GLUDy,,,,52.4261,49.7036,55.1605,50.1663,47.4034,52.9112,49.2655,45.4939,52.8661,50.1624,44.4716,55.6116,34.7182,33.3613,36.061,,
AKG <=> SucCoA + CO2 + NADH (exch),AKGDH,,,,1.00E-10,1.00E-10,1.73688,,,,,,,,,,2.58018,0.119372,5.72312,,
AKG <=> SucCoA + CO2 + NADH (net),AKGDH,2OXOGLUTDECARB-RXN,,4,11.0427,9.84463,12.8328,8.77231,7.9984,10.2409,8.44167,7.16639,9.84719,12.0917,6.96534,19.5572,43.849,42.0972,45.7039,,
ATP -> ATP.Ext,ATPS4r,,,,401.434,357.112,445.473,398.933,1.00E-08,461.523,450.528,389.343,514.308,460.505,367.767,568.068,590.038,555.52,,,
Ac -> Ac.Ext,ACt2r,,,,63.2566,56.5154,69.9323,72.4376,65.7248,78.9063,70.6628,62.2605,79.4062,69.918,60.162,79.693,46.064,42.3599,49.7706,,
AcCoA + ADP + Pi <=> Ac + ATP (exch),ACKr,,,,33.1116,1.00E-08,inf,94.5271,1.00E-08,inf,114.726,1.00E-08,inf,113.763,1.00E-08,inf,64.1406,1.00E-08,inf,,
AcCoA + ADP + Pi <=> Ac + ATP (net),ACKr,,,,59.1355,52.1806,66.0292,68.5721,61.6453,75.2503,66.7958,58.115,75.8207,66.0581,56.0023,76.1396,43.3305,39.5389,47.1484,,
AcCoA + Glyox -> Mal,MALS,MALSYN-RXN,,5,0.0890486,1.00E-08,0.609902,0.00453955,1.00E-08,0.280437,2.47471,1.74945,3.12468,1.06571,1.00E-08,3.59017,29.6585,28.9188,30.4014,,
AcCoA + OAC -> Cit,CS,CITSYN-RXN,,4,19.7748,18.6161,20.9808,17.1652,16.1955,18.2488,19.0267,17.7298,20.3066,21.2526,16.8448,27.9005,79.9438,78.0805,81.8667,,
Asp + 2 NADPH + 2 ATP -> Thr + 2 NADP + 2 ADP + 2 Pi,THRS,,,,4.29499,4.06411,4.51638,3.9248,3.69665,4.19064,4.17168,3.62662,4.49529,6.14041,3.52207,12.2289,2.88755,2.76448,3.04779,,
Asp + METHF + Cys + 2 NADPH + ATP + SucCoA -> Met + Pyr + 2 NADP + ADP + Pi,METS,,,,,,,,,,1.09843,1.01448,1.17861,1.09639,0.988429,1.19718,,,,,
Asp + METHF + Cys + 2 NADPH + ATP + SucCoA -> Met + Pyr + Suc + NH3,METS,,,,1.17058,1.11002,1.23167,0.897933,0.848719,0.947106,,,,,,,0.63281,0.608092,0.657434,,
Asp + NH3 + 2 ATP -> Asn + 2 ADP + 2 Pi,ASNS1,,,,1.83604,1.74106,1.93187,1.97515,1.8669,2.08332,1.72287,1.5912,1.84865,1.71968,1.55034,1.87777,1.37083,1.31728,1.42417,,
Asp + Pyr + Glu + 2 NADPH + ATP + SucCoA -> LL-DAP + AKG + 2 NADP + ADP + Pi,DAPDC,,,,,,,,,,2.45265,2.2652,2.6317,2.4481,2.20704,2.67315,,,,,
Asp + Pyr + Glu + 2 NADPH + ATP + SucCoA -> LL-DAP + AKG + Suc,DAPDC,,,,2.61375,2.47854,2.75018,2.33624,2.2082,2.46418,,,,,,,1.57848,1.51682,1.6399,,
Biomass production (Cmol of biomass),BIOMASS_Ecoli,,,,318.164,301.705,334.771,304.068,287.403,320.72,,,,,,,207.227,199.133,215.291,,
CO2 -> CO2.Ext,CO2t,,,,155.3228,125.3644,185.2642,151.0568,121.4674,181.1474,160.12,154.698,165.824,162.164,150.148,180.071,300.625,296.774,304.672,,
CO2.atm + CO2 -> CO2 + CO2.snk,CO2_sink,,,,,,,,,,,,,,,,485.596,214.938,1355.82,,
CO2.int + MEETHF  + NADH -+ NH3 > Gly,GHMT,,,,,,,1.00E-10,1.00E-10,0.0921491,,,,,,,,,,,
CO2.unlabeled + CO2 -> CO2 + CO2.out,CO2_out,,,,,,,,,,36.75,33.6643,39.9837,42.552,21.8233,142.334,,,,,
Cit <=> ICit (exch),"ACONTa, ACONTb",,,,17.9394,1.00E-08,inf,52.9761,1.00E-08,inf,4.73321,1.00E-08,inf,4.69348,1.00E-08,inf,297.264,1.00E-08,inf,,
Cit <=> ICit (net),"ACONTa, ACONTb",RXN-14047,,4,19.7748,18.6161,20.9808,17.1652,16.1955,18.2488,19.0267,17.7298,20.3066,21.2526,16.8448,27.9005,79.9438,78.0805,81.8667,,
DHAP -> Mglx,MGSA,,,,,,,,,,,,,,,,111.147,84.612,122.469,,
DHAP <=> GAP (exch),TPI,,,,30.8419,1.00E-08,inf,81.9405,3.41872,inf,91.9779,1.00E-08,inf,91.206,1.00E-08,inf,1.70454,1.00E-08,4.47072,,
DHAP <=> GAP (net),TPI,TRIOSEPISOMERIZATION-RXN (reverse),,1,82.8366,82.2808,83.3809,80.8779,80.2164,81.5323,82.6365,82.0648,83.2198,83.3771,81.8203,84.8236,-23.152,-34.3758,3.306,,
E4P + 2 PEP + Glu + NADPH + ATP -> Phe + CO2 + AKG + NADP + ADP + 4 Pi,PHES,,,,1.4111,1.33811,1.48476,1.27968,1.20954,1.34975,1.32413,1.22293,1.42079,1.32167,1.19153,1.44318,0.877762,0.843477,0.911918,,
E4P + 2 PEP + Glu + NADPH + NAD + ATP -> Tyr + CO2 + AKG + NADP + NADH + ADP,TYRS,,,,1.05031,0.995976,1.10513,1.09662,1.03652,1.15668,0.985573,0.910249,1.05752,0.983746,0.886878,1.07418,0.800871,0.76959,0.832035,,
E4P + 2 PEP + R5P + Ser + Gln + NADPH + 3 ATP -> Trp + CO2 + Pyr + GAP + Glu,TRPS,,,,0.432952,0.410555,0.455551,0.435467,0.4116,0.459315,0.406267,0.375217,0.435925,0.405514,0.365583,0.442792,0.308261,0.29622,0.320256,,
F6P + ATP <=> FBP (exch),PFK,6PFRUCTPHOS-RXN__6PFK-1-CPX,,,21.5405,1.00E-08,inf,,,,,,,,,,,,,,
F6P + ATP <=> FBP (net),PFK,6PFRUCTPHOS-RXN__6PFK-1-CPX,,1,82.8366,82.2808,83.3809,80.8799,79.9889,81.5643,82.6365,82.0648,83.2198,83.3771,81.8203,84.8236,87.9949,87.4356,88.5641,,
F6P <=> E4P + E-C2 (exch),TALA,,,,5.44787,4.91665,5.90592,4.86565,4.31191,5.31397,3.80667,1.63056,5.38443,6.83423,1.00E-08,11.67,7.65785,5.99318,9.80238,,
F6P <=> E4P + E-C2 (net),TALA,FRUCTOSE-6-PHOSPHATE-PHOSPHOKETOLASE-RXN,,2,-4.03094,-4.22479,-3.83486,-4.75159,-4.98259,-4.52652,-4.4042,-4.97309,-3.91924,-4.10801,-6.07443,-2.42098,-2.15491,-2.52278,-1.79973,,
F6P <=> GAP + E-C3 (exch),TKTL1,,,,39.4079,1.00E-08,48.2187,37.3845,1.00E-08,37.8482,54.5679,23.3477,82.1518,63.0195,1.00E-08,495.28,46.966,21.9542,113.317,,
F6P <=> GAP + E-C3 (net),TKTL1,,,2,-6.92531,-7.08519,-6.76348,-7.56336,-7.75534,-7.37504,-7.12017,-7.5413,-6.76459,-6.81894,-8.65715,-5.24824,-4.1418,-4.50546,-3.78992,,
FADH2 + 0.5 O2 + ADP + Pi -> ATP + FAD,FADH2_ETC,,,,11.1318,10.2781,12.0267,7.99392,7.34698,8.71708,10.9164,10.0475,11.8126,13.1574,8.79098,20.1547,,,,,
FADH2 + 0.5 O2 -> 0.5 ATP,FADH2_ETC_short,,,,,,,,,,,,,,,,73.5074,71.7017,75.3888,,
FBP -> F6P,FBP,,,,,,,21.0911,0.540181,464.703,,,,,,,,,,,
FBP <=> DHAP + GAP (exch),FBA,,,,21.2148,1.00E-08,inf,35.0799,0.521109,inf,130.294,1.00E-08,inf,129.201,1.00E-08,inf,67.7027,1.00E-08,inf,,
FBP <=> DHAP + GAP (net),FBA,F16ALDOLASE-RXN__FRUCBISALD-CLASSII,,1,82.8366,82.2808,83.3809,80.8779,80.2164,81.5323,82.6365,82.0648,83.2198,83.3771,81.8203,84.8236,87.9949,87.4356,88.5641,,
Fum <=> Mal (exch),FUM,,,,205.097,71.8531,inf,164.426,67.4817,inf,76.9814,67.6783,87.6967,79.3267,20.285,inf,1510.22,340.115,inf,,
Fum <=> Mal (net),FUM,FUMHYDR-RXN,,4,14.1063,13.1607,15.0955,10.9493,10.2162,11.7668,13.7076,12.7153,14.7165,15.9434,11.5912,22.8241,75.5818,73.7584,77.4753,,
G6P + NADP -> 6PG + NADPH,G6PDH2r,GLU6PDEHYDROG-RXN,,2,25.9067,25.4334,26.3902,28.7583,28.2301,29.2974,26.8112,25.8343,27.9442,25.4772,21.8457,29.8808,15.844,15.2352,16.4656,,
G6P <=> F6P (exch),PGI,,,,167.41,141.005,202.293,174.726,147.315,210.998,217.436,105.182,751.02,,,,>1000,826.975,inf,,
G6P <=> F6P (net),PGI,PGLUCISOM-RXN,,1,72.4496,71.9028,72.9857,69.1563,68.5338,69.7652,71.6463,70.5523,72.6009,72.9833,68.6101,76.6042,82.1072,81.4464,82.7548,,
GAP + NAD + ADP + Pi <=> 3PG + ATP + NADH (exch),GAPD,,,,121.765,1.00E-08,inf,67.0763,1.00E-08,inf,6.55373,1.00E-08,inf,8.08139,1.00E-08,inf,48.7183,29.6416,76.9371,,
GAP + NAD + ADP + Pi <=> 3PG + ATP + NADH (net),GAPD,GAPOXNPHOSPHN-RXN + PHOSGLYPHOS-RXN (reverse),,1,169.928,168.715,171.119,167.463,166.095,168.831,170.524,169.153,171.897,171.287,169.093,173.52,67.9377,56.8009,94.395,,
Glu + 2 NADPH + ATP -> Pro + 2 NADP + ADP + Pi,PROS,,,,1.6837,1.5966,1.77159,1.48953,1.40789,1.5711,1.57993,1.45918,1.69527,1.577,1.42171,1.72197,1.02283,0.982875,1.06263,,
Glu + ATP + NH3 -> Gln + ADP + Pi,GLNS,,,,5.41191,5.13194,5.69439,5.73503,5.4207,6.04909,5.07834,4.69021,5.44907,5.06892,4.56979,5.53491,4.03659,3.87893,4.19367,,
Glu + CO2 + Gln + NADPH + Asp + AcCoA + 5 ATP -> Arg + AKG + NADP + Fum + Ac,ARGS,,,,2.25296,2.13641,2.37055,2.26604,2.14184,2.39014,2.11409,1.95252,2.26843,2.11017,1.90239,2.30416,1.6041,1.54144,1.66652,,
Gluc.Ext + PEP -> G6P + Pyr,GLCpts,2.7.3.9-RXN,RXN-15083,,100,99.8629,100.139,99.9999,99.8619,100.138,99.9998,99.8049,100.195,100,99.805,100.195,99.9968,99.8582,100.135,,
Gly + THF + NAD <=> CO2 + MEETHF + NH3 + NADH (exch),GLYDC,,,,1.00E-10,1.00E-10,0.109137,,,,2.04E-08,1.00E-08,0.187388,9.36E-12,9.36E-12,inf,0.0100111,1.00E-08,0.111207,,
Gly + THF + NAD <=> CO2 + MEETHF + NH3 + NADH (net),GLYDC,,,,0.463791,0.43025,0.517105,0.948045,0.884,1.04636,0.505913,0.340153,0.569117,1.49321,0.330512,4.54218,0.389326,0.35794,0.453912,,
ICit + NADP <=> AKG + CO2 + NADPH (exch),ICDHyr,,,,175.946,1.00E-08,inf,,,,29.2177,9.44989,406.593,88.6,1.00E-08,inf,3.90899,1.00E-08,11.9546,,
ICit + NADP <=> AKG + CO2 + NADPH (net),ICDHyr,ISOCITDEH-RXN,,4,19.6857,18.266,20.9805,17.1606,16.2013,19.1583,16.552,15.0085,18.1896,20.1869,15.0739,27.3305,50.2853,48.5187,52.1443,,
ICit <=> Glyox + Suc (exch),ICL,,,,0.476457,0.131503,0.813768,0.480094,0.287109,0.662884,0.171361,1.00E-08,0.814098,1.00E-10,1.00E-10,1.63709,1.00E-10,1.00E-10,2.5683,,
ICit <=> Glyox + Suc (net),ICL,ISOCIT-CLEAV-RXN,,5,0.0890486,1.00E-08,0.609902,0.00453955,1.00E-08,0.280437,2.47471,1.74945,3.12468,1.06571,1.00E-08,3.59017,29.6585,28.9188,30.4014,,
KDPG -> GAP + Pyr,EDA,KDPGALDOL-RXN,,3,0.825344,0.558787,1.10108,1.20969,0.857994,1.59677,1.41062,1.08131,1.75658,0.987777,1.00E-08,2.62367,1.14832,0.422945,1.85775,,
LL-DAP -> Lys + CO2,DAPDC,,,,2.61375,2.47854,2.75018,2.33624,2.2082,2.46418,2.45265,2.2652,2.6317,2.4481,2.20704,2.67315,1.57848,1.51682,1.6399,,
MEETHF + NADH -> METHF + NAD,MTHFR,,,,1.17058,1.11002,1.23167,0.897933,0.848719,0.947106,1.09843,1.01448,1.17861,1.09639,0.988429,1.19718,0.63281,0.608092,0.657434,,
MEETHF + NADP -> FTHF + NADPH,MTHFC,,,,0.721587,0.684258,0.759252,0.689314,0.651533,0.727062,0.677111,0.625362,0.726542,0.675856,0.609305,0.737987,0.470237,0.45187,0.488535,,
Mal -> Pyr + CO2 + NADH,ME1,1.1.1.39-RXN,,6,0.00244002,1.00E-08,1.09881,0.22496,1.00E-08,2.22084,5.1005,1.00E-08,6.68274,0.339399,1.00E-08,7.19419,0.00266608,1.00E-08,11.3186,,
Mal -> Pyr + CO2 + NADPH,ME2,MALIC-NADP-RXN,,6,1.00E-08,1.00E-08,1.09881,0.509511,1.00E-08,2.22079,0.210925,1.00E-08,6.68272,0.26147,1.00E-08,7.19387,8.31909,1.00E-08,11.3186,,
Mal <=> OAC + NADH (exch),MDH,,,,168.213,71.9887,inf,175.686,67.1443,inf,inf,111.055,inf,inf,>1000,inf,86.5704,41.7573,165.299,,
Mal <=> OAC + NADH (net),MDH,MALATE-DEH-RXN,,4,14.1929,13.0844,15.0831,10.2193,9.00543,11.5118,10.8709,9.35972,12.3497,16.4082,9.81055,22.9228,96.9185,92.6592,105.738,,
Mglx -> Lact,MGSA2,,,,,,,,,,,,,,,,111.147,84.612,122.469,,
NADH + 0.5 O2 + 2 ADP + 2 Pi -> 2 ATP + NAD,NADH_ETC,,,,262.609,253.57,271.607,274.485,266.063,283.296,274.693,261.249,288.886,276.604,251.829,309.624,,,,,
NADH + 0.5 O2 -> 1.5 ATP,NADH_ETC_short,,,,,,,,,,,,,,,,509.934,503.218,516.868,,
NADH + NADP <=> NADPH + NAD (exch),NADH_NADP_TR,,,,44.5901,1.00E-08,inf,6.29918,1.00E-08,inf,94.3747,1.00E-08,inf,92.0871,1.00E-08,inf,138.204,1.00E-08,inf,,
NADH + NADP <=> NADPH + NAD (net),THD2,,,,65.0426,59.3941,70.7478,44.8442,39.1597,50.1018,58.7302,43.2626,68.2591,61.9943,37.097,82.9039,-5.66856,-11.309,6.14734,,
NH3.Ext -> NH3,NH4t,,,,55.8268,52.9388,58.7408,54.2309,51.2586,57.2007,52.3859,48.3822,56.2102,52.2888,47.1399,57.0956,54.3924,52.2679,56.509,,
O2.Ext -> O2,O2t,,,,136.87,132.475,141.258,141.239,137.195,145.51,142.804,136.205,149.78,144.881,131.549,164.081,291.721,287.712,295.891,,
OAC + ATP -> PEP + CO2 + ADP,PPCK,PEPCARBOXYKIN-RXN,,6,1.26805,0.266915,2.10373,0.176525,1.00E-08,1.4633,1.54623,0.351956,2.78532,0.319824,1.00E-08,8.35191,24.7875,21.8099,33.1262,,
OAC + Glu -> Asp + AKG,ASPTA,,,,14.7259,13.9557,15.4865,14.0646,13.2898,14.8366,13.9597,12.7476,14.9874,15.9103,12.3832,22.0909,9.91482,9.52398,10.3061,,
PEP + CO2.int -> OAC + Pi,PPC,PEPCARBOX-RXN (reverse),,6,24.3019,22.8609,25.8117,24.1288,22.5973,25.9301,26.2197,24.4044,28.0106,23.6277,18.1739,34.2609,19.3257,18.1127,20.8675,,
PEP <=> Pyr + ATP (exch),PYK,PEPDEPHOS-RXN (reverse),,,1.00E-08,1.00E-08,54.8263,17.42,1.00E-08,72.8552,,,,,,,13.3333,1.00E-08,66.9671,,
PEP <=> Pyr + ATP (net),PYK,PEPDEPHOS-RXN (reverse),,1,26.809,23.3312,30.2119,24.0653,20.0204,28.0634,27.0735,22.8389,31.4417,30.2252,22.3591,37.1268,-39.2731,-52.5773,-5.67442,,
PO4.Ext -> PO4,PIt2r,,,,,,,,,,,,,,,,3.99537,3.83932,4.15084,,
Pyr + Glu -> Ala + AKG,ALATA_L,,,,3.91261,3.7102,4.11683,3.93534,3.71964,4.15084,3.67145,3.39085,3.93947,3.66464,3.30379,4.00153,2.78577,2.67696,2.89417,,
Pyr + NAD -> AcCoA + CO2 + NADH,PDH,PYRUVDEH-RXN,,4,106.526,101.984,111.034,106.999,102.209,111.508,113.986,108.321,119.844,112.041,103.711,120.54,168.31,166.217,170.404,,
Pyr + NADH <=> Lact  (net),LDH_D,,,,,,,,,,,,,,,,-111.147,-122.469,-84.612,,
Pyr + NADH <=> Lact (exch),LDH_D,,,,,,,,,,,,,,,,117.917,1.00E-08,inf,,
R5P + FTHF + Gln + Asp + 5 ATP + 2 NAD -> His + 2 NADH + AKG + Fum + 5 ADP,HISS,,,,0.721587,0.684258,0.759252,0.689314,0.651533,0.727062,0.677111,0.625362,0.726542,0.675856,0.609305,0.737987,0.470237,0.45187,0.488535,,
Ru5P <=> R5P (exch),RPI,,,,>1000,>1000,inf,inf,inf,inf,62.0115,2.34472,inf,55.1654,1.00E-08,inf,5101.82,42.7176,inf,,
Ru5P <=> R5P (net),RPI,RIB5PISOM-RXN (reverse),,2,14.1251,13.6922,14.5606,15.2337,14.7461,15.723,13.8762,13.4422,14.3052,13.5625,12.0917,15.325,8.39892,7.99883,8.80984,,
Ru5P <=> X5P (exch),RPE,,,,73.0726,33.7796,inf,80.9345,37.1318,inf,19.5152,9.5305,inf,26.6823,3.99839,inf,40.1647,11.5553,inf,,
Ru5P <=> X5P (net),RPE,RIBULP3EPIM-RXN (reverse),,2,10.9562,10.6262,11.2788,12.315,11.9312,12.7063,11.5244,10.6981,12.5019,10.927,7.65405,14.7124,6.29671,5.59475,7.02589,,
S7P <=> E4P + E-C3 (exch),TALA,,,,5.94851,1.00E-08,inf,4.47687,1.00E-08,inf,158.046,0.719417,inf,157.267,1.00E-08,inf,21.7812,1.28494,inf,,
S7P <=> E4P + E-C3 (net),TALA,,,2,6.92531,6.76348,7.08519,7.56336,7.37504,7.75534,7.12017,6.76459,7.5413,6.81894,5.24824,8.65715,4.1418,3.78992,4.50546,,
S7P <=> R5P + E-C2 (exch),TKTL2,,,,0.718119,1.00E-08,inf,0.779685,1.00E-08,inf,1.88187,0.710393,inf,1.92E-06,1.00E-08,inf,2.31943,1.28713,inf,,
S7P <=> R5P + E-C2 (net),TKTL2,,,2,-6.92531,-7.08519,-6.76348,-7.56336,-7.75534,-7.37504,-7.12017,-7.5413,-6.76459,-6.81894,-8.65715,-5.24824,-4.1418,-4.50546,-3.78992,,
SO4.Ext -> SO4,SO4t,,,,1.86811,1.77147,1.96562,1.59952,1.51185,1.68711,1.75297,1.61899,1.88094,1.74972,1.57742,1.91057,1.12945,1.08534,1.1734,,
Ser + AcCoA + SO4 + 3 ATP + 4 NADPH -> Cys + Ac + 4 NADP + 3 ADP + 3 Pi,CYSS,,,,1.86811,1.77147,1.96562,1.59952,1.51185,1.68711,1.75297,1.61899,1.88094,1.74972,1.57742,1.91057,1.12945,1.08534,1.1734,,
Ser + THF <=> Gly + MEETHF (exch),GHMT,,,,3.46998,3.21027,3.877,2.89217,2.66183,3.16957,4.09779,3.752,4.46325,3.50247,1.90969,4.60527,0.393405,0.218653,0.581919,,
Ser + THF <=> Gly + MEETHF (net),GHMT,,,,4.98019,4.72522,5.24322,4.4839,4.23404,4.73527,4.60252,4.24797,5.0344,3.60575,0.499754,5.14387,2.76035,2.6402,2.87295,,
Ser -> Pyr + NH3,SERD_L,,,,1.51E-08,1.00E-08,0.888007,-4.66E-09,-4.66E-09,0.58963,,,,,,,,,,,
Suc + FAD <=> Fum + FADH2 (exch),SUCDi,,,,0.0253433,1.00E-08,39.5376,2.95733,0.870872,13.1018,615.515,1.00E-08,inf,489.354,1.00E-08,inf,3010.81,1.00E-08,inf,,
Suc + FAD <=> Fum + FADH2 (net),SUCDi,SUCCINATE-DEHYDROGENASE-UBIQUINONE-RXN-UBIQUINONE-8/SUC//CPD-9956/FUM.31.,,4,11.1318,10.2781,12.0267,7.99392,7.34698,8.71708,10.9164,10.0475,11.8126,13.1574,8.79098,20.1547,73.5074,71.7017,75.3888,,
SucCoA + ADP + Pi <=> Suc + ATP (exch),SUCOAS,,,,1.64E-05,1.00E-08,inf,inf,inf,inf,2.64091,1.00E-08,inf,2.61875,1.00E-08,inf,20.3103,1.00E-08,inf,,
SucCoA + ADP + Pi <=> Suc + ATP (net),SUCOAS,SUCCCOASYN-RXN (reverse),,4,7.2584,6.11254,8.15101,4.7552,4.05585,5.40157,4.89059,3.64049,6.26039,8.54716,3.38672,16.1685,41.6377,39.872,43.4944,,
SucCoA + NADH + CO2.int -> AKG,AKGDH_rev,,,,,,,0.782929,0.21975,2.04779,,,,,,,,,,,
Thr  -> Gly + AcCoA + NADH,THRD_L,,,,,,,,,,,,,,,,0.21579,0.15778,0.342007,,
Thr  <=> Gly + AcCoA + NADH (net),THRD_L,,,,0.149871,0.10432,0.236408,0.0800952,0.00315817,0.247263,0.28205,1.00E-08,0.383585,,,,,,,,
Thr + NAD -> Gly + AcCoA + NADH,THRD_L,,,,,,,,,,,,,2.25799,1.00E-08,8.36919,,,,,
Thr + Pyr + Glu + NADPH -> Ile + CO2 + AKG + NADP + NH3,ILES,,,,2.21287,2.09839,2.32837,1.79958,1.70095,1.89813,2.07648,1.91778,2.22806,2.07263,1.86854,2.26316,1.2303,1.18224,1.27817,,
Thr <=> Gly + AcCoA + NADH (exch),THRD_L,,,,1.00E-10,1.00E-10,0.0484464,0.0724929,0.00993293,0.129298,,,,,,,,,,,
X5P <=> GAP + E-C2 (exch),TKTL1,,,,74.2112,33.7778,inf,80.9344,37.1318,inf,158.276,9.59795,inf,157.142,4.0174,inf,27.1845,11.5559,inf,,
X5P <=> GAP + E-C2 (net),TKTL1,,,2,10.9562,10.6262,11.2788,12.315,11.9312,12.7063,11.5244,10.6981,12.5019,10.927,7.65405,14.7124,6.29671,5.59475,7.02589,,
